mean_brightness,std_brightness,min_intensity,max_intensity,median_intensity,p10_intensity,p25_intensity,p50_intensity,p75_intensity,p90_intensity,contrast,dark_pixel_ratio,bright_pixel_ratio,edge_count,edge_density,image_path,label
0.47946656,0.12968923,0.105882354,0.96862745,0.4745098,0.3137255,0.3882353,0.4745098,0.5647059,0.6509804,0.17647061,0.07720947265625,0.055419921875,5580,0.340576171875,448\Cracks\IMG_20180513_164959951_HDR resized_448.jpg,1
0.5159419,0.09993014,0.050980393,0.9882353,0.52156866,0.3882353,0.45490196,0.52156866,0.5803922,0.6313726,0.12549022,0.02313232421875,0.029296875,4579,0.27947998046875,448\Cracks\IMG_20180513_165129852_HDR resized_448.jpg,1
0.47480926,0.122080356,0.015686275,0.92941177,0.47058824,0.3254902,0.40392157,0.47058824,0.5372549,0.63529414,0.13333336,0.070556640625,0.04718017578125,4303,0.26263427734375,448\Cracks\IMG_20180513_165150613_HDR resized_448.jpg,1
0.51101625,0.106990896,0.03137255,0.9843137,0.5137255,0.37254903,0.4392157,0.5137255,0.58431375,0.6392157,0.14509806,0.02764892578125,0.03271484375,5507,0.33612060546875,448\Cracks\IMG_20180513_165345878_HDR resized_448.jpg,1
0.5136992,0.10839045,0.078431375,0.9882353,0.5176471,0.3764706,0.44705883,0.5176471,0.58431375,0.6431373,0.13725492,0.02886962890625,0.03643798828125,5218,0.3184814453125,448\Cracks\IMG_20180513_165349788_HDR resized_448.jpg,1
0.53349376,0.111130536,0.003921569,0.9882353,0.5411765,0.39607844,0.47058824,0.5411765,0.6039216,0.65882355,0.13333336,0.029541015625,0.04620361328125,5002,0.3052978515625,448\Cracks\IMG_20180513_165353081_HDR resized_448.jpg,1
0.5079571,0.095586985,0.06666667,0.9843137,0.5176471,0.38431373,0.4509804,0.5176471,0.5686275,0.6117647,0.11764708,0.022705078125,0.0155029296875,4379,0.26727294921875,448\Cracks\IMG_20180513_165451567_HDR resized_448.jpg,1
0.48354828,0.09410062,0.043137256,0.9843137,0.49019608,0.3647059,0.43137255,0.49019608,0.5411765,0.5882353,0.109803945,0.0350341796875,0.0106201171875,4234,0.2584228515625,448\Cracks\IMG_20180513_165455803_HDR resized_448.jpg,1
0.49028417,0.08729374,0.07058824,0.9764706,0.49803922,0.38039216,0.44313726,0.49803922,0.54509807,0.5882353,0.10196081,0.02593994140625,0.008056640625,3641,0.22222900390625,448\Cracks\IMG_20180513_165500303_HDR resized_448.jpg,1
0.5054252,0.12053828,0.043137256,0.9843137,0.5137255,0.34509805,0.43137255,0.5137255,0.58431375,0.64705884,0.1529412,0.056884765625,0.039306640625,4806,0.2933349609375,448\Cracks\IMG_20180513_165512488_HDR resized_448.jpg,1
0.49060348,0.105078906,0.07058824,0.9843137,0.49411765,0.35686275,0.42745098,0.49411765,0.5529412,0.61960787,0.12549022,0.04278564453125,0.02239990234375,4423,0.26995849609375,448\Cracks\IMG_20180513_165515651_HDR resized_448.jpg,1
0.49128586,0.09762065,0.043137256,0.98039216,0.49411765,0.36862746,0.43529412,0.49411765,0.54901963,0.60784316,0.11372551,0.03460693359375,0.017333984375,3647,0.22259521484375,448\Cracks\IMG_20180513_165521775_HDR resized_448.jpg,1
0.49613303,0.096850544,0.105882354,0.96862745,0.5019608,0.36862746,0.43529412,0.5019608,0.56078434,0.60784316,0.12549022,0.0301513671875,0.0130615234375,4486,0.2738037109375,448\Cracks\IMG_20180513_165533492_HDR resized_448.jpg,1
0.4815528,0.10764746,0.03529412,0.9882353,0.48235294,0.34901962,0.41568628,0.48235294,0.54509807,0.6117647,0.12941179,0.04779052734375,0.02203369140625,4665,0.28472900390625,448\Cracks\IMG_20180513_165538350_HDR resized_448.jpg,1
0.47162563,0.09131402,0.06666667,0.9764706,0.46666667,0.36078432,0.4117647,0.46666667,0.5254902,0.58431375,0.11372551,0.021728515625,0.0125732421875,2521,0.15386962890625,448\Cracks\IMG_20180513_165547907_HDR resized_448.jpg,1
0.5068867,0.107483305,0.07450981,0.9764706,0.50980395,0.3647059,0.4392157,0.50980395,0.5803922,0.6392157,0.14117649,0.03375244140625,0.0263671875,5434,0.3316650390625,448\Cracks\IMG_20180513_165706718_HDR resized_448.jpg,1
0.51028144,0.114902444,0.02745098,0.9882353,0.5176471,0.36078432,0.44313726,0.5176471,0.5882353,0.6431373,0.14509806,0.04705810546875,0.03350830078125,5296,0.3232421875,448\Cracks\IMG_20180513_165710583_HDR resized_448.jpg,1
0.48395354,0.09944346,0.09803922,0.9882353,0.48235294,0.3647059,0.42352942,0.48235294,0.5372549,0.6,0.11372551,0.0286865234375,0.02386474609375,3606,0.2200927734375,448\Cracks\IMG_20180513_165717627_HDR resized_448.jpg,1
0.49467725,0.0983079,0.101960786,0.972549,0.49411765,0.37254903,0.43529412,0.49411765,0.5568628,0.6156863,0.12156865,0.02703857421875,0.01806640625,4562,0.2784423828125,448\Cracks\IMG_20180513_165733359_HDR resized_448.jpg,1
0.48934567,0.09608809,0.06666667,0.9764706,0.49019608,0.37254903,0.42745098,0.49019608,0.54901963,0.60784316,0.12156865,0.02642822265625,0.01654052734375,3749,0.22882080078125,448\Cracks\IMG_20180513_165741688_HDR resized_448.jpg,1
0.5020917,0.095398605,0.07450981,0.96862745,0.5058824,0.38039216,0.4392157,0.5058824,0.5647059,0.6156863,0.12549022,0.02301025390625,0.01409912109375,4030,0.2459716796875,448\Cracks\IMG_20180513_165749116_HDR resized_448.jpg,1
0.50776845,0.08278973,0.03137255,0.9137255,0.5176471,0.4,0.4627451,0.5176471,0.56078434,0.6,0.09803924,0.0166015625,0.0069580078125,3348,0.204345703125,448\Cracks\IMG_20180513_170350654_HDR resized_448.jpg,1
0.5131985,0.07462076,0.08627451,0.9607843,0.52156866,0.41960785,0.4745098,0.52156866,0.56078434,0.59607846,0.086274534,0.01177978515625,0.00421142578125,1824,0.111328125,448\Cracks\IMG_20180513_170357440_HDR resized_448.jpg,1
0.49234024,0.08411396,0.05490196,0.9764706,0.49803922,0.3882353,0.44705883,0.49803922,0.5411765,0.5803922,0.09411767,0.017822265625,0.01165771484375,1770,0.1080322265625,448\Cracks\IMG_20180513_170406108_HDR resized_448.jpg,1
0.49531347,0.07259743,0.14901961,0.9764706,0.49411765,0.40784314,0.4509804,0.49411765,0.5372549,0.5803922,0.086274534,0.00604248046875,0.0062255859375,2671,0.16302490234375,448\Cracks\IMG_20180513_170430826_HDR resized_448.jpg,1
0.45179972,0.07773426,0.13725491,0.9764706,0.4509804,0.35686275,0.40392157,0.4509804,0.49803922,0.54509807,0.09411764,0.0233154296875,0.00433349609375,3028,0.184814453125,448\Cracks\IMG_20180513_170453882_HDR resized_448.jpg,1
0.443166,0.07348576,0.05882353,0.96862745,0.44313726,0.3529412,0.4,0.44313726,0.4862745,0.5294118,0.086274505,0.02618408203125,0.00244140625,2463,0.15032958984375,448\Cracks\IMG_20180513_170500983_HDR resized_448.jpg,1
0.4558673,0.07973464,0.1254902,0.972549,0.45882353,0.3529412,0.40392157,0.45882353,0.5058824,0.5529412,0.10196081,0.026611328125,0.0037841796875,3483,0.21258544921875,448\Cracks\IMG_20180513_170515937_HDR resized_448.jpg,1
0.45571935,0.08245221,0.007843138,0.9843137,0.45490196,0.36078432,0.4117647,0.45490196,0.5019608,0.54509807,0.0901961,0.02813720703125,0.009521484375,2691,0.16424560546875,448\Cracks\IMG_20180513_170526931_HDR resized_448.jpg,1
0.4379507,0.07839177,0.05490196,0.99215686,0.43529412,0.34901962,0.39215687,0.43529412,0.48235294,0.5294118,0.09019607,0.0352783203125,0.00506591796875,2824,0.17236328125,448\Cracks\IMG_20180513_170535927_HDR resized_448.jpg,1
0.46310246,0.08670985,0.13725491,0.95686275,0.4627451,0.35686275,0.4117647,0.4627451,0.5137255,0.5647059,0.10196081,0.03106689453125,0.00946044921875,3797,0.23175048828125,448\Cracks\IMG_20180513_170700279_HDR resized_448.jpg,1
0.46774977,0.10479081,0.03137255,0.9607843,0.47058824,0.33333334,0.40392157,0.47058824,0.5372549,0.59607846,0.13333336,0.05743408203125,0.01531982421875,5286,0.3226318359375,448\Cracks\IMG_20180513_170710091_HDR resized_448.jpg,1
0.47002125,0.108540684,0.07058824,0.9529412,0.4745098,0.3254902,0.39607844,0.4745098,0.54509807,0.6039216,0.14901963,0.06396484375,0.0125732421875,5589,0.34112548828125,448\Cracks\IMG_20180513_170718753_HDR resized_448.jpg,1
0.46984816,0.094841324,0.047058824,0.9764706,0.47058824,0.34901962,0.4117647,0.47058824,0.5294118,0.58431375,0.11764708,0.0396728515625,0.00946044921875,4189,0.25567626953125,448\Cracks\IMG_20180513_170728853_HDR resized_448.jpg,1
0.48649952,0.098745406,0.08235294,0.9764706,0.49019608,0.35686275,0.42352942,0.49019608,0.5529412,0.60784316,0.12941179,0.0333251953125,0.01458740234375,4518,0.2757568359375,448\Cracks\IMG_20180513_170746398_HDR resized_448.jpg,1
0.43288383,0.15414041,0.039215688,0.9843137,0.43137255,0.22745098,0.30980393,0.43137255,0.54901963,0.6392157,0.2392157,0.2330322265625,0.0411376953125,6159,0.37591552734375,448\Cracks\IMG_20180513_170844630_HDR resized_448.jpg,1
0.4611886,0.10225935,0.043137256,0.972549,0.45882353,0.3372549,0.39607844,0.45882353,0.52156866,0.58431375,0.12549022,0.054443359375,0.01458740234375,4827,0.29461669921875,448\Cracks\IMG_20180514_164920326_HDR resized_448.jpg,1
0.49027795,0.121833585,0.019607844,0.99607843,0.49019608,0.3372549,0.4117647,0.49019608,0.5686275,0.63529414,0.15686277,0.05999755859375,0.03692626953125,5167,0.31536865234375,448\Cracks\IMG_20180514_164936208_HDR resized_448.jpg,1
0.5203362,0.13112448,0.015686275,0.9843137,0.5372549,0.3372549,0.45490196,0.5372549,0.6039216,0.6666667,0.14901963,0.0706787109375,0.0535888671875,4370,0.2667236328125,448\Cracks\IMG_20180514_164944000_HDR resized_448.jpg,1
0.49645305,0.12109021,0.011764706,0.972549,0.5019608,0.34117648,0.42352942,0.5019608,0.5764706,0.6392157,0.1529412,0.06304931640625,0.03363037109375,4083,0.24920654296875,448\Cracks\IMG_20180514_164949995_HDR resized_448.jpg,1
0.48145396,0.1426115,0.007843138,0.99215686,0.49019608,0.29411766,0.3882353,0.49019608,0.57254905,0.64705884,0.18431374,0.10687255859375,0.0501708984375,5391,0.32904052734375,448\Cracks\IMG_20180514_164955695_HDR resized_448.jpg,1
0.44435847,0.11203823,0.02745098,0.99215686,0.44313726,0.30980393,0.3764706,0.44313726,0.50980395,0.57254905,0.13333336,0.08758544921875,0.01715087890625,4633,0.28277587890625,448\Cracks\IMG_20180514_165008040_HDR resized_448.jpg,1
0.46080685,0.11994638,0.039215688,0.96862745,0.45490196,0.3137255,0.38039216,0.45490196,0.5372549,0.6156863,0.15686277,0.0806884765625,0.0269775390625,5537,0.33795166015625,448\Cracks\IMG_20180514_165031728_HDR resized_448.jpg,1
0.44944924,0.11954412,0.039215688,0.98039216,0.4392157,0.30980393,0.36862746,0.4392157,0.5176471,0.6039216,0.14901963,0.0858154296875,0.03179931640625,5517,0.33673095703125,448\Cracks\IMG_20180514_165039112_HDR resized_448.jpg,1
0.49444413,0.13346812,0.007843138,0.99607843,0.49803922,0.3254902,0.4117647,0.49803922,0.5803922,0.65882355,0.16862747,0.0758056640625,0.0535888671875,5689,0.34722900390625,448\Cracks\IMG_20180514_165050302_HDR resized_448.jpg,1
0.46535024,0.13490507,0.015686275,0.9843137,0.45882353,0.3019608,0.3764706,0.45882353,0.54901963,0.6392157,0.17254904,0.09600830078125,0.04486083984375,5291,0.32293701171875,448\Cracks\IMG_20180514_165115894_HDR resized_448.jpg,1
0.48131585,0.11670337,0.023529412,0.9843137,0.47843137,0.34117648,0.40392157,0.47843137,0.5529412,0.627451,0.14901963,0.0487060546875,0.03759765625,5058,0.3087158203125,448\Cracks\IMG_20180514_165152754_HDR resized_448.jpg,1
0.49458778,0.14057519,0.003921569,0.9764706,0.49411765,0.31764707,0.4,0.49411765,0.5882353,0.6745098,0.18823531,0.07904052734375,0.07379150390625,5779,0.35272216796875,448\Cracks\IMG_20180514_165211442_HDR resized_448.jpg,1
0.48998904,0.13214731,0.003921569,1.0,0.49019608,0.3254902,0.40392157,0.49019608,0.5764706,0.654902,0.17254904,0.0709228515625,0.05645751953125,5708,0.348388671875,448\Cracks\IMG_20180514_165217078_HDR resized_448.jpg,1
0.53603613,0.12691316,0.007843138,0.99607843,0.5372549,0.39215687,0.4627451,0.5372549,0.6117647,0.6862745,0.14901963,0.0364990234375,0.0858154296875,5658,0.3453369140625,448\Cracks\IMG_20180514_165228668_HDR resized_448.jpg,1
0.51723444,0.12427969,0.003921569,0.99215686,0.5176471,0.36862746,0.44313726,0.5176471,0.5921569,0.67058825,0.14901963,0.039306640625,0.06890869140625,5682,0.3468017578125,448\Cracks\IMG_20180514_165245540_HDR resized_448.jpg,1
0.5116615,0.11420974,0.007843138,0.98039216,0.50980395,0.38431373,0.4509804,0.50980395,0.5764706,0.64705884,0.12549022,0.03570556640625,0.05084228515625,5275,0.32196044921875,448\Cracks\IMG_20180514_165251954_HDR resized_448.jpg,1
0.53620243,0.120460995,0.06666667,0.99607843,0.53333336,0.39215687,0.46666667,0.53333336,0.6039216,0.6862745,0.13725492,0.0323486328125,0.08660888671875,5534,0.3377685546875,448\Cracks\IMG_20180514_165259100 resized_448.jpg,1
0.5100232,0.119351715,0.015686275,0.9882353,0.5058824,0.37254903,0.44313726,0.5058824,0.5764706,0.654902,0.13333336,0.041259765625,0.06103515625,5572,0.340087890625,448\Cracks\IMG_20180514_165302026_HDR resized_448.jpg,1
0.5021949,0.1152547,0.015686275,0.98039216,0.49803922,0.36862746,0.43529412,0.49803922,0.5647059,0.64705884,0.12941179,0.03814697265625,0.0535888671875,5631,0.34368896484375,448\Cracks\IMG_20180514_165307482_HDR resized_448.jpg,1
0.5108772,0.11967976,0.02745098,0.99607843,0.5058824,0.37254903,0.44313726,0.5058824,0.5764706,0.6627451,0.13333336,0.0419921875,0.061279296875,5422,0.3309326171875,448\Cracks\IMG_20180514_165340357_HDR resized_448.jpg,1
0.51399,0.14464232,0.007843138,0.99215686,0.5058824,0.34117648,0.42352942,0.5058824,0.6,0.7058824,0.17647061,0.0595703125,0.105224609375,6166,0.3763427734375,448\Cracks\IMG_20180514_165358823_HDR resized_448.jpg,1
0.5081868,0.14983673,0.007843138,0.9882353,0.5019608,0.3254902,0.4117647,0.5019608,0.6039216,0.7058824,0.19215688,0.07318115234375,0.106689453125,6127,0.37396240234375,448\Cracks\IMG_20180514_165411841_HDR resized_448.jpg,1
0.52661943,0.12728181,0.03137255,0.9647059,0.5254902,0.37254903,0.4509804,0.5254902,0.6039216,0.6862745,0.1529412,0.042724609375,0.087158203125,5908,0.360595703125,448\Cracks\IMG_20180514_165427375_HDR resized_448.jpg,1
0.52467906,0.11476338,0.0627451,0.96862745,0.5254902,0.38039216,0.45490196,0.5254902,0.59607846,0.6666667,0.14117649,0.03118896484375,0.06396484375,5797,0.35382080078125,448\Cracks\IMG_20180514_165444055_HDR resized_448.jpg,1
0.52106553,0.13577862,0.015686275,0.99215686,0.5176471,0.35686275,0.43529412,0.5176471,0.60784316,0.69411767,0.17254904,0.05108642578125,0.09478759765625,6030,0.3680419921875,448\Cracks\IMG_20180514_165457873_HDR resized_448.jpg,1
0.5169405,0.14139271,0.015686275,0.9607843,0.5176471,0.3372549,0.42745098,0.5176471,0.60784316,0.69803923,0.18039218,0.068115234375,0.09710693359375,5963,0.36395263671875,448\Cracks\IMG_20180514_165505511_HDR resized_448.jpg,1
0.4927354,0.11732916,0.043137256,0.9843137,0.48235294,0.3647059,0.41960785,0.48235294,0.5568628,0.64705884,0.13725492,0.03802490234375,0.05413818359375,5606,0.3421630859375,448\Cracks\IMG_20180514_165529728_HDR resized_448.jpg,1
0.49479812,0.111188,0.050980393,0.99607843,0.48235294,0.37254903,0.42352942,0.48235294,0.5568628,0.6431373,0.13333336,0.02703857421875,0.04986572265625,5730,0.3497314453125,448\Cracks\IMG_20180514_165535720_HDR resized_448.jpg,1
0.5199034,0.13715453,0.003921569,0.99215686,0.5176471,0.3529412,0.43529412,0.5176471,0.60784316,0.69803923,0.17254904,0.0533447265625,0.09649658203125,6123,0.37371826171875,448\Cracks\IMG_20180514_165710828_HDR resized_448.jpg,1
0.543318,0.13134837,0.007843138,0.9882353,0.54509807,0.38431373,0.46666667,0.54509807,0.627451,0.7058824,0.16078433,0.03662109375,0.10791015625,5986,0.3653564453125,448\Cracks\IMG_20180514_165717791_HDR resized_448.jpg,1
0.536141,0.13747105,0.015686275,0.9764706,0.5372549,0.36862746,0.45490196,0.5372549,0.62352943,0.70980394,0.16862747,0.0469970703125,0.1107177734375,6124,0.373779296875,448\Cracks\IMG_20180514_165724162_HDR resized_448.jpg,1
0.5515388,0.15018587,0.003921569,1.0,0.5529412,0.3764706,0.46666667,0.5529412,0.6431373,0.7372549,0.17647061,0.04949951171875,0.1490478515625,6177,0.37701416015625,448\Cracks\IMG_20180514_165731332_HDR resized_448.jpg,1
0.50486875,0.12721868,0.007843138,0.99215686,0.49803922,0.35686275,0.42745098,0.49803922,0.5764706,0.6745098,0.14901963,0.04461669921875,0.07403564453125,5919,0.36126708984375,448\Cracks\IMG_20180514_165740460_HDR resized_448.jpg,1
0.5441816,0.14058937,0.003921569,0.9882353,0.5411765,0.38039216,0.4627451,0.5411765,0.627451,0.7254902,0.1647059,0.0423583984375,0.1285400390625,6080,0.37109375,448\Cracks\IMG_20180514_165746314_HDR resized_448.jpg,1
0.54674286,0.13593706,0.007843138,0.98039216,0.54901963,0.3882353,0.4745098,0.54901963,0.627451,0.7137255,0.1529412,0.0445556640625,0.1190185546875,5841,0.35650634765625,448\Cracks\IMG_20180514_165751038_HDR resized_448.jpg,1
0.5519898,0.1357673,0.007843138,0.99215686,0.54901963,0.39607844,0.47843137,0.54901963,0.6313726,0.7254902,0.1529412,0.0364990234375,0.13018798828125,5952,0.36328125,448\Cracks\IMG_20180514_165757436_HDR resized_448.jpg,1
0.5317218,0.14741528,0.003921569,0.9764706,0.53333336,0.34509805,0.44705883,0.53333336,0.62352943,0.7176471,0.17647061,0.0633544921875,0.12335205078125,6174,0.3768310546875,448\Cracks\IMG_20180514_165811955_HDR resized_448.jpg,1
0.5568395,0.15757243,0.003921569,0.9882353,0.56078434,0.36078432,0.47058824,0.56078434,0.654902,0.7529412,0.18431374,0.0604248046875,0.16558837890625,6168,0.37646484375,448\Cracks\IMG_20180514_165823466_HDR resized_448.jpg,1
0.54316646,0.1330306,0.003921569,0.9647059,0.5529412,0.3764706,0.47058824,0.5529412,0.627451,0.7019608,0.15686277,0.04901123046875,0.1038818359375,5971,0.36444091796875,448\Cracks\IMG_20180514_165831579_HDR resized_448.jpg,1
0.5513071,0.13833608,0.007843138,0.98039216,0.56078434,0.3764706,0.47843137,0.56078434,0.6392157,0.7176471,0.16078433,0.05157470703125,0.120849609375,5951,0.36322021484375,448\Cracks\IMG_20180514_165837194_HDR resized_448.jpg,1
0.54813784,0.13822374,0.003921569,0.99215686,0.5568628,0.38039216,0.4745098,0.5568628,0.63529414,0.70980394,0.16078433,0.05157470703125,0.11492919921875,5849,0.35699462890625,448\Cracks\IMG_20180514_165847101_HDR resized_448.jpg,1
0.5630826,0.13700294,0.003921569,0.99215686,0.56078434,0.42352942,0.49803922,0.56078434,0.6392157,0.7294118,0.14117649,0.037109375,0.1363525390625,5809,0.35455322265625,448\Cracks\IMG_20180514_170008541_HDR resized_448.jpg,1
0.55145407,0.14907357,0.0,0.99215686,0.56078434,0.3764706,0.4862745,0.56078434,0.6392157,0.7294118,0.1529412,0.05999755859375,0.13702392578125,5768,0.35205078125,448\Cracks\IMG_20180514_170015428_HDR resized_448.jpg,1
0.5169999,0.12359213,0.003921569,0.9882353,0.50980395,0.38039216,0.44705883,0.50980395,0.58431375,0.67058825,0.13725492,0.03515625,0.07391357421875,5655,0.34515380859375,448\Cracks\IMG_20180514_170026184_HDR resized_448.jpg,1
0.4850225,0.12795393,0.003921569,0.9764706,0.47058824,0.34117648,0.40392157,0.47058824,0.5568628,0.65882355,0.1529412,0.0506591796875,0.0655517578125,5871,0.35833740234375,448\Cracks\IMG_20180514_170032562_HDR resized_448.jpg,1
0.48252863,0.124312595,0.007843138,0.9843137,0.46666667,0.34901962,0.40392157,0.46666667,0.5529412,0.6509804,0.14901963,0.04425048828125,0.058349609375,5888,0.359375,448\Cracks\IMG_20180514_170039467_HDR resized_448.jpg,1
0.57177305,0.14065321,0.003921569,0.99215686,0.5686275,0.42745098,0.5019608,0.5686275,0.6509804,0.74509805,0.1490196,0.03826904296875,0.15777587890625,5717,0.34893798828125,448\Cracks\IMG_20180514_170051550_HDR resized_448.jpg,1
0.5348841,0.12412718,0.011764706,0.9764706,0.5254902,0.40784314,0.46666667,0.5254902,0.6039216,0.69411767,0.13725492,0.03131103515625,0.0955810546875,5839,0.35638427734375,448\Cracks\IMG_20180514_170055705_HDR resized_448.jpg,1
0.53630376,0.12611711,0.007843138,0.95686275,0.53333336,0.39607844,0.46666667,0.53333336,0.6117647,0.69803923,0.14509806,0.03839111328125,0.09759521484375,5681,0.34674072265625,448\Cracks\IMG_20180514_170100812_HDR resized_448.jpg,1
0.5115888,0.128658,0.015686275,0.9843137,0.5019608,0.36078432,0.43137255,0.5019608,0.5882353,0.68235296,0.15686277,0.048095703125,0.08367919921875,5790,0.3533935546875,448\Cracks\IMG_20180514_170105907_HDR resized_448.jpg,1
0.5270142,0.13256909,0.007843138,0.9764706,0.5176471,0.3764706,0.4509804,0.5176471,0.6039216,0.7058824,0.1529412,0.0428466796875,0.10430908203125,5964,0.364013671875,448\Cracks\IMG_20180514_170122537_HDR resized_448.jpg,1
0.48491764,0.1353563,0.011764706,1.0,0.4745098,0.3254902,0.39607844,0.4745098,0.5647059,0.6666667,0.16862747,0.0699462890625,0.0694580078125,6072,0.37060546875,448\Cracks\IMG_20180514_170137161_HDR resized_448.jpg,1
0.47319147,0.120725475,0.03137255,0.9882353,0.45490196,0.34117648,0.39607844,0.45490196,0.5372549,0.6431373,0.14117649,0.0455322265625,0.053955078125,5881,0.35894775390625,448\Cracks\IMG_20180514_170144972_HDR resized_448.jpg,1
0.5100627,0.1377379,0.007843138,0.98039216,0.5019608,0.34509805,0.41960785,0.5019608,0.6,0.69411767,0.18039218,0.05328369140625,0.09234619140625,6086,0.3714599609375,448\Cracks\IMG_20180514_170158322_HDR resized_448.jpg,1
0.47808,0.11394545,0.011764706,0.9764706,0.45882353,0.35686275,0.40392157,0.45882353,0.5372549,0.63529414,0.13333336,0.02972412109375,0.047607421875,5632,0.34375,448\Cracks\IMG_20180514_170217038_HDR resized_448.jpg,1
0.52979857,0.1590596,0.003921569,0.99607843,0.5352942,0.32941177,0.43529412,0.5352942,0.6313726,0.7254902,0.19607845,0.076416015625,0.130126953125,6294,0.3841552734375,448\Cracks\IMG_20180514_170355485_HDR resized_448.jpg,1
0.5113442,0.19111027,0.003921569,0.99215686,0.5137255,0.25882354,0.3882353,0.5137255,0.6392157,0.7647059,0.2509804,0.13580322265625,0.1646728515625,6287,0.38372802734375,448\Cracks\IMG_20180514_170400947 resized_448.jpg,1
0.55515707,0.15703335,0.003921569,0.99215686,0.56078434,0.3647059,0.46666667,0.56078434,0.654902,0.7490196,0.18823531,0.06024169921875,0.167236328125,6180,0.377197265625,448\Cracks\IMG_20180514_170411390_HDR resized_448.jpg,1
0.5630044,0.14885773,0.003921569,0.99607843,0.57254905,0.38039216,0.49019608,0.57254905,0.654902,0.7372549,0.1647059,0.0531005859375,0.15277099609375,5948,0.363037109375,448\Cracks\IMG_20180514_170416728_HDR resized_448.jpg,1
0.5661923,0.15902585,0.0,0.99607843,0.5803922,0.3647059,0.4862745,0.5803922,0.6666667,0.7490196,0.18039218,0.0635986328125,0.17767333984375,5982,0.3651123046875,448\Cracks\IMG_20180514_170423229_HDR resized_448.jpg,1
0.51714945,0.12338143,0.011764706,0.9882353,0.5137255,0.3647059,0.43137255,0.5137255,0.6,0.6745098,0.16862747,0.03125,0.07220458984375,5840,0.3564453125,448\Cracks\IMG_20180514_170638485_HDR resized_448.jpg,1
0.518919,0.10430335,0.12941177,0.972549,0.5176471,0.3882353,0.44705883,0.5176471,0.5882353,0.654902,0.14117649,0.01385498046875,0.04266357421875,5665,0.34576416015625,448\Cracks\IMG_20180514_170646586_HDR resized_448.jpg,1
0.5079961,0.11523203,0.078431375,0.99215686,0.5058824,0.36078432,0.42745098,0.5058824,0.5921569,0.65882355,0.1647059,0.03497314453125,0.04412841796875,5916,0.361083984375,448\Cracks\IMG_20180514_170703597_HDR resized_448.jpg,1
0.5262167,0.115713164,0.08627451,0.9882353,0.5294118,0.3764706,0.44705883,0.5294118,0.6117647,0.6745098,0.1647059,0.03118896484375,0.0546875,5733,0.34991455078125,448\Cracks\IMG_20180514_170708710_HDR (1) resized_448.jpg,1
0.5262167,0.115713164,0.08627451,0.9882353,0.5294118,0.3764706,0.44705883,0.5294118,0.6117647,0.6745098,0.1647059,0.03118896484375,0.0546875,5733,0.34991455078125,448\Cracks\IMG_20180514_170708710_HDR resized_448.jpg,1
0.6760676,0.094323516,0.32156864,0.96862745,0.6784314,0.5529412,0.60784316,0.6784314,0.74509805,0.8,0.1372549,0.0,0.40728759765625,5197,0.31719970703125,448\Cracks\IMG_8404 resized_448.jpg,1
0.5004756,0.07633406,0.25490198,0.90588236,0.49803922,0.40392157,0.44705883,0.49803922,0.5529412,0.6,0.10588238,0.0013427734375,0.0067138671875,4387,0.26776123046875,448\Cracks\IMG_8405 resized_448.jpg,1
0.5028134,0.07314382,0.2509804,0.8980392,0.49803922,0.4117647,0.4509804,0.49803922,0.54901963,0.59607846,0.09803924,0.00042724609375,0.00848388671875,3377,0.20611572265625,448\Cracks\IMG_8406 resized_448.jpg,1
0.5062732,0.08784205,0.1882353,0.92156863,0.5019608,0.39607844,0.44313726,0.5019608,0.5647059,0.61960787,0.12156865,0.0047607421875,0.0150146484375,5261,0.32110595703125,448\Cracks\IMG_8407 resized_448.jpg,1
0.5852699,0.13137707,0.24313726,0.972549,0.5803922,0.41568628,0.49019608,0.5803922,0.6745098,0.7647059,0.18431374,0.0042724609375,0.1998291015625,5856,0.357421875,448\Cracks\IMG_8412 resized_448.jpg,1
0.5931832,0.13875757,0.23529412,0.9764706,0.5921569,0.40784314,0.49019608,0.5921569,0.69411767,0.78039217,0.20392159,0.00714111328125,0.239013671875,5942,0.3626708984375,448\Cracks\IMG_8413 resized_448.jpg,1
0.60668635,0.12785979,0.25882354,0.98039216,0.60784316,0.4392157,0.5137255,0.60784316,0.69803923,0.7764706,0.18431371,0.0015869140625,0.2470703125,5666,0.3458251953125,448\Cracks\IMG_8414 resized_448.jpg,1
0.5996401,0.14476286,0.21176471,0.99215686,0.6039216,0.4,0.49411765,0.6039216,0.7058824,0.7882353,0.21176472,0.01080322265625,0.263671875,6062,0.3699951171875,448\Cracks\IMG_8415 resized_448.jpg,1
0.5849918,0.13447617,0.22352941,0.972549,0.58431375,0.40392157,0.49019608,0.58431375,0.6784314,0.7647059,0.18823531,0.0068359375,0.20697021484375,5952,0.36328125,448\Cracks\IMG_8416 resized_448.jpg,1
0.53676,0.17811622,0.11372549,0.99215686,0.5372549,0.29411766,0.40392157,0.5372549,0.67058825,0.77254903,0.26666668,0.10467529296875,0.20623779296875,5947,0.36297607421875,448\Cracks\IMG_8417 resized_448.jpg,1
0.53849167,0.1706531,0.11764706,0.99215686,0.5372549,0.3137255,0.4117647,0.5372549,0.6666667,0.76862746,0.25490198,0.086181640625,0.196533203125,5868,0.358154296875,448\Cracks\IMG_8418 resized_448.jpg,1
0.51106656,0.18706632,0.09803922,0.99215686,0.50980395,0.25490198,0.36862746,0.50980395,0.654902,0.7647059,0.28627452,0.1519775390625,0.17974853515625,6132,0.374267578125,448\Cracks\IMG_8419 resized_448.jpg,1
0.52281356,0.06323438,0.26666668,0.9647059,0.52156866,0.44313726,0.48235294,0.52156866,0.5647059,0.6039216,0.082352966,0.00054931640625,0.0045166015625,1621,0.09893798828125,448\Cracks\IMG_8423 resized_448.jpg,1
0.71769017,0.06410483,0.4117647,0.9882353,0.7176471,0.63529414,0.6784314,0.7176471,0.7607843,0.79607844,0.082352936,0.0,0.627685546875,1899,0.11590576171875,448\Cracks\IMG_8424 resized_448.jpg,1
0.6747111,0.11151205,0.23921569,0.99215686,0.6784314,0.5294118,0.6039216,0.6784314,0.7490196,0.81960785,0.14509803,0.0008544921875,0.41357421875,5303,0.32366943359375,448\Cracks\IMG_8426 resized_448.jpg,1
0.6599052,0.11476709,0.20784314,0.99607843,0.6666667,0.5058824,0.58431375,0.6666667,0.7411765,0.8039216,0.15686274,0.00103759765625,0.3828125,5784,0.35302734375,448\Cracks\IMG_8428 resized_448.jpg,1
0.48356646,0.22103673,0.078431375,0.99215686,0.49019608,0.1764706,0.28235295,0.49019608,0.6666667,0.78039217,0.38431373,0.2686767578125,0.2047119140625,6114,0.3731689453125,448\Cracks\IMG_8429 resized_448.jpg,1
0.50354415,0.21805163,0.09411765,0.98039216,0.52156866,0.1882353,0.3137255,0.52156866,0.68235296,0.78431374,0.36862746,0.2386474609375,0.22369384765625,6049,0.36920166015625,448\Cracks\IMG_8430 resized_448.jpg,1
0.5141877,0.21128412,0.07058824,0.99607843,0.5411765,0.19215687,0.34901962,0.5411765,0.68235296,0.78039217,0.33333334,0.20086669921875,0.22174072265625,6049,0.36920166015625,448\Cracks\IMG_8431 resized_448.jpg,1
0.584022,0.1756536,0.1254902,0.9882353,0.6,0.33333334,0.4509804,0.6,0.72156864,0.80784315,0.27058825,0.06427001953125,0.29290771484375,5793,0.35357666015625,448\Cracks\IMG_8432 resized_448.jpg,1
0.5731687,0.16644101,0.15686275,0.99215686,0.58431375,0.3372549,0.45490196,0.58431375,0.69803923,0.7882353,0.24313727,0.06365966796875,0.244384765625,6076,0.370849609375,448\Cracks\IMG_8433 resized_448.jpg,1
0.59180117,0.16459672,0.17254902,0.99215686,0.6,0.35686275,0.4745098,0.6,0.7137255,0.8039216,0.2392157,0.05072021484375,0.27960205078125,6060,0.369873046875,448\Cracks\IMG_8434 resized_448.jpg,1
0.5794077,0.16614456,0.16470589,0.99607843,0.5882353,0.34509805,0.45882353,0.5882353,0.7019608,0.7921569,0.24313727,0.05670166015625,0.25274658203125,5966,0.3641357421875,448\Cracks\IMG_8435 resized_448.jpg,1
0.566566,0.1742397,0.101960786,0.99607843,0.5686275,0.3254902,0.4392157,0.5686275,0.69411767,0.79607844,0.25490198,0.0750732421875,0.24298095703125,6008,0.36669921875,448\Cracks\IMG_8436 resized_448.jpg,1
0.5524776,0.16995464,0.13333334,1.0,0.5529412,0.32156864,0.43137255,0.5529412,0.6784314,0.78039217,0.24705884,0.07757568359375,0.21026611328125,5876,0.358642578125,448\Cracks\IMG_8437 resized_448.jpg,1
0.54758495,0.18738805,0.07450981,0.9882353,0.5568628,0.28235295,0.4117647,0.5568628,0.6901961,0.7921569,0.2784314,0.11822509765625,0.236328125,6010,0.3668212890625,448\Cracks\IMG_8438 resized_448.jpg,1
0.57177496,0.17392434,0.12941177,0.99215686,0.5803922,0.32941177,0.44313726,0.5803922,0.7019608,0.8,0.25882354,0.07098388671875,0.2557373046875,5925,0.36163330078125,448\Cracks\IMG_8439 resized_448.jpg,1
0.57048655,0.18375853,0.13333334,0.9882353,0.58431375,0.30588236,0.43529412,0.58431375,0.7137255,0.80784315,0.2784314,0.09576416015625,0.27203369140625,6026,0.3677978515625,448\Cracks\IMG_8440 resized_448.jpg,1
0.50353,0.19796859,0.0627451,0.9764706,0.5137255,0.21568628,0.35686275,0.5137255,0.654902,0.7647059,0.29803923,0.1837158203125,0.17657470703125,6212,0.379150390625,448\Cracks\IMG_8441 resized_448.jpg,1
0.56164885,0.1870119,0.09019608,0.99215686,0.57254905,0.29411766,0.42745098,0.57254905,0.7058824,0.8039216,0.2784314,0.104736328125,0.2611083984375,6207,0.37884521484375,448\Cracks\IMG_8442 resized_448.jpg,1
0.52639663,0.19070923,0.07058824,0.9882353,0.53333336,0.25882354,0.38039216,0.53333336,0.6666667,0.7764706,0.28627452,0.14837646484375,0.20013427734375,6199,0.37835693359375,448\Cracks\IMG_8443 resized_448.jpg,1
0.6030132,0.1671218,0.18039216,0.9882353,0.6156863,0.35686275,0.4862745,0.6156863,0.7294118,0.8117647,0.24313727,0.049072265625,0.31231689453125,6203,0.37860107421875,448\Cracks\IMG_8444 resized_448.jpg,1
0.5885656,0.1730622,0.17254902,0.98039216,0.6039216,0.33333334,0.4627451,0.6039216,0.7176471,0.8117647,0.25490198,0.06768798828125,0.28790283203125,6137,0.37457275390625,448\Cracks\IMG_8445 resized_448.jpg,1
0.6058841,0.17151217,0.1764706,0.99607843,0.62352943,0.35686275,0.4745098,0.62352943,0.7372549,0.827451,0.2627451,0.04205322265625,0.329833984375,6038,0.3685302734375,448\Cracks\IMG_8446 resized_448.jpg,1
0.57304376,0.17545804,0.15294118,0.99607843,0.582353,0.3254902,0.43529412,0.582353,0.70980394,0.8,0.27450982,0.06719970703125,0.26910400390625,5960,0.36376953125,448\Cracks\IMG_8447 resized_448.jpg,1
0.48956037,0.17471385,0.14117648,0.99607843,0.44705883,0.29411766,0.3529412,0.44705883,0.60784316,0.75686276,0.25490198,0.1160888671875,0.15301513671875,5287,0.32269287109375,448\Cracks\IMG_8449 resized_448.jpg,1
0.6055688,0.15562,0.1882353,0.9882353,0.61960787,0.38039216,0.49019608,0.61960787,0.7294118,0.8,0.2392157,0.0277099609375,0.3143310546875,6334,0.3865966796875,448\Cracks\IMG_8453 resized_448.jpg,1
0.5958214,0.16126151,0.1254902,0.9843137,0.6117647,0.3647059,0.47843137,0.6117647,0.72156864,0.8,0.24313727,0.04095458984375,0.2943115234375,6172,0.376708984375,448\Cracks\IMG_8455 resized_448.jpg,1
0.60647184,0.16276102,0.13333334,0.99607843,0.61960787,0.37254903,0.4862745,0.61960787,0.73333335,0.8156863,0.24705884,0.03265380859375,0.32305908203125,6179,0.37713623046875,448\Cracks\IMG_8456 resized_448.jpg,1
0.5143567,0.08804718,0.17254902,0.8666667,0.5137255,0.40392157,0.45490196,0.5137255,0.5764706,0.6313726,0.12156865,0.0081787109375,0.017822265625,4606,0.2811279296875,448\Cracks\IMG_8462 resized_448.jpg,1
0.6694185,0.10633159,0.15686275,0.9843137,0.67058825,0.53333336,0.59607846,0.67058825,0.74509805,0.80784315,0.1490196,0.00140380859375,0.40203857421875,5485,0.33477783203125,448\Cracks\IMG_8463 resized_448.jpg,1
0.67755437,0.09777834,0.25490198,0.95686275,0.6784314,0.5529412,0.6117647,0.6784314,0.7490196,0.8039216,0.1372549,0.0003662109375,0.42254638671875,4781,0.29180908203125,448\Cracks\IMG_8464 resized_448.jpg,1
0.6797533,0.1081791,0.21568628,0.9647059,0.6862745,0.5372549,0.60784316,0.6862745,0.7607843,0.8156863,0.15294117,0.0013427734375,0.44915771484375,5425,0.33111572265625,448\Cracks\IMG_8465 resized_448.jpg,1
0.66949224,0.104403734,0.22352941,0.9607843,0.67058825,0.53333336,0.6,0.67058825,0.74509805,0.8039216,0.14509803,0.001220703125,0.40093994140625,5346,0.3262939453125,448\Cracks\IMG_8466 resized_448.jpg,1
0.6778165,0.09924196,0.25490198,0.9411765,0.68235296,0.54901963,0.6117647,0.68235296,0.7490196,0.8039216,0.1372549,0.00067138671875,0.431884765625,5147,0.31414794921875,448\Cracks\IMG_8467 resized_448.jpg,1
0.6446593,0.15194903,0.15294118,0.9607843,0.67058825,0.4,0.5568628,0.67058825,0.7607843,0.8235294,0.20392156,0.01409912109375,0.4207763671875,5407,0.33001708984375,448\Cracks\IMG_8468 resized_448.jpg,1
0.66281575,0.078590795,0.2627451,0.98039216,0.6666667,0.56078434,0.60784316,0.6666667,0.7176471,0.7647059,0.109803915,0.00018310546875,0.33404541015625,4248,0.25927734375,448\Cracks\IMG_8469 resized_448.jpg,1
0.6684317,0.10555835,0.24313726,0.98039216,0.6745098,0.5254902,0.59607846,0.6745098,0.74509805,0.8039216,0.1490196,0.00048828125,0.40985107421875,5659,0.34539794921875,448\Cracks\IMG_8470 resized_448.jpg,1
0.67280704,0.10590927,0.22745098,0.9529412,0.6784314,0.5294118,0.6,0.6784314,0.7529412,0.80784315,0.15294117,0.00048828125,0.42486572265625,5568,0.33984375,448\Cracks\IMG_8471 resized_448.jpg,1
0.6694032,0.10824308,0.2,0.972549,0.6745098,0.5254902,0.59607846,0.6745098,0.7490196,0.80784315,0.15294117,0.00091552734375,0.41522216796875,5758,0.3514404296875,448\Cracks\IMG_8472 resized_448.jpg,1
0.6656947,0.11408109,0.22745098,0.9607843,0.67058825,0.5137255,0.5882353,0.67058825,0.7529412,0.8117647,0.16470587,0.00140380859375,0.4041748046875,5911,0.36077880859375,448\Cracks\IMG_8473 resized_448.jpg,1
0.52895415,0.07409829,0.2,0.98039216,0.5294118,0.4392157,0.48235294,0.5294118,0.5764706,0.61960787,0.09411767,0.00189208984375,0.01373291015625,3594,0.2193603515625,448\Cracks\IMG_8474 resized_448.jpg,1
0.6959264,0.09456596,0.2784314,0.99215686,0.7019608,0.57254905,0.63529414,0.7019608,0.7607843,0.8117647,0.12549019,6.103515625e-05,0.5047607421875,5386,0.3287353515625,448\Cracks\IMG_8475 resized_448.jpg,1
0.6936854,0.097144514,0.27450982,0.9882353,0.69803923,0.5647059,0.6313726,0.69803923,0.7607843,0.8117647,0.12941176,0.0001220703125,0.49761962890625,5535,0.33782958984375,448\Cracks\IMG_8476 resized_448.jpg,1
0.7080538,0.084730804,0.28235295,0.9843137,0.7137255,0.6,0.654902,0.7137255,0.7647059,0.8117647,0.109803915,6.103515625e-05,0.55950927734375,4624,0.2822265625,448\Cracks\IMG_8477 resized_448.jpg,1
0.7434417,0.07428963,0.36078432,0.99215686,0.74509805,0.6509804,0.69803923,0.74509805,0.7921569,0.8352941,0.09411764,0.0,0.74615478515625,4013,0.24493408203125,448\Cracks\IMG_8478 resized_448.jpg,1
0.7104581,0.0920508,0.28235295,0.99607843,0.7137255,0.5921569,0.654902,0.7137255,0.77254903,0.8235294,0.11764705,6.103515625e-05,0.56927490234375,5211,0.31805419921875,448\Cracks\IMG_8479 resized_448.jpg,1
0.73547816,0.08113485,0.3647059,0.99607843,0.7411765,0.6313726,0.68235296,0.7411765,0.7882353,0.8352941,0.10588235,0.0,0.68988037109375,4410,0.2691650390625,448\Cracks\IMG_8480 resized_448.jpg,1
0.71313024,0.09062001,0.32941177,0.99215686,0.7176471,0.59607846,0.654902,0.7176471,0.7764706,0.827451,0.12156862,0.0,0.57757568359375,5353,0.32672119140625,448\Cracks\IMG_8481 resized_448.jpg,1
0.7089296,0.09769725,0.2627451,0.99215686,0.7176471,0.5764706,0.64705884,0.7176471,0.78039217,0.827451,0.13333333,6.103515625e-05,0.566162109375,5714,0.3487548828125,448\Cracks\IMG_8483 resized_448.jpg,1
0.71314675,0.10050972,0.3019608,0.99215686,0.7176471,0.5764706,0.64705884,0.7176471,0.78431374,0.8352941,0.1372549,0.0,0.57659912109375,5755,0.35125732421875,448\Cracks\IMG_8484 resized_448.jpg,1
0.71977925,0.09868683,0.30588236,0.99607843,0.7254902,0.5882353,0.654902,0.7254902,0.7882353,0.84313726,0.13333333,0.0,0.6005859375,5657,0.34527587890625,448\Cracks\IMG_8485 resized_448.jpg,1
0.6890553,0.09462229,0.29411766,0.99215686,0.69411767,0.5647059,0.627451,0.69411767,0.75686276,0.80784315,0.12941176,6.103515625e-05,0.47357177734375,5633,0.34381103515625,448\Cracks\IMG_8486 resized_448.jpg,1
0.67482287,0.10158347,0.29803923,0.99215686,0.6784314,0.5411765,0.60784316,0.6784314,0.74509805,0.8039216,0.1372549,6.103515625e-05,0.4189453125,5806,0.3543701171875,448\Cracks\IMG_8487 resized_448.jpg,1
0.71871746,0.08941503,0.32941177,0.99607843,0.72156864,0.6,0.65882355,0.72156864,0.78039217,0.83137256,0.12156862,0.0,0.59954833984375,5402,0.3297119140625,448\Cracks\IMG_8488 resized_448.jpg,1
0.6738229,0.09831926,0.23921569,0.9764706,0.6745098,0.54509807,0.60784316,0.6745098,0.7411765,0.8,0.13333333,0.000244140625,0.4072265625,5509,0.33624267578125,448\Cracks\IMG_8489 resized_448.jpg,1
0.6961457,0.09403179,0.27058825,0.9882353,0.69803923,0.57254905,0.63529414,0.69803923,0.7607843,0.8156863,0.12549019,0.0001220703125,0.497802734375,5225,0.31890869140625,448\Cracks\IMG_8490 resized_448.jpg,1
0.72657377,0.07659881,0.38431373,0.99215686,0.73333335,0.627451,0.6784314,0.73333335,0.78039217,0.81960785,0.10196078,0.0,0.66058349609375,3656,0.22314453125,448\Cracks\IMG_8491 resized_448.jpg,1
0.71155506,0.094058,0.36078432,0.99215686,0.7176471,0.58431375,0.6509804,0.7176471,0.7764706,0.827451,0.12549019,0.0,0.57525634765625,5426,0.3311767578125,448\Cracks\IMG_8493 resized_448.jpg,1
0.51999944,0.07692189,0.21176471,0.9843137,0.5137255,0.43529412,0.4745098,0.5137255,0.55784315,0.61960787,0.08333334,0.00299072265625,0.02349853515625,3029,0.18487548828125,448\Cracks\IMG_8504 resized_448.jpg,1
0.68845505,0.08342372,0.25490198,0.99215686,0.68235296,0.5921569,0.63529414,0.68235296,0.7372549,0.79607844,0.10196078,0.0001220703125,0.40557861328125,4122,0.2515869140625,448\Cracks\IMG_8505 resized_448.jpg,1
0.6686564,0.086847104,0.32156864,0.9882353,0.6627451,0.5686275,0.6117647,0.6627451,0.7176471,0.78431374,0.10588235,0.0,0.3157958984375,4361,0.26617431640625,448\Cracks\IMG_8506 resized_448.jpg,1
0.68554235,0.0991834,0.27450982,0.99607843,0.68235296,0.5686275,0.62352943,0.68235296,0.74509805,0.8156863,0.12156862,0.0003662109375,0.418212890625,4942,0.3016357421875,448\Cracks\IMG_8507 resized_448.jpg,1
0.6628871,0.107919075,0.24313726,0.99215686,0.65882355,0.53333336,0.59607846,0.65882355,0.7294118,0.80784315,0.13333333,0.00103759765625,0.3369140625,5391,0.32904052734375,448\Cracks\IMG_8508 resized_448.jpg,1
0.6631008,0.09871229,0.1882353,0.9882353,0.6627451,0.5411765,0.6,0.6627451,0.7254902,0.7882353,0.12549019,0.0018310546875,0.33941650390625,5337,0.32574462890625,448\Cracks\IMG_8509 resized_448.jpg,1
0.66886276,0.10207734,0.1882353,0.99215686,0.6666667,0.54509807,0.6039216,0.6666667,0.73333335,0.8,0.12941176,0.00244140625,0.3677978515625,5310,0.3240966796875,448\Cracks\IMG_8510 resized_448.jpg,1
0.6558395,0.116242774,0.15686275,0.99607843,0.654902,0.5137255,0.5803922,0.654902,0.73333335,0.80784315,0.15294117,0.0040283203125,0.34393310546875,5778,0.3526611328125,448\Cracks\IMG_8511 resized_448.jpg,1
0.671824,0.11916769,0.15294118,0.99607843,0.67058825,0.5254902,0.59607846,0.67058825,0.7529412,0.827451,0.15686274,0.00360107421875,0.4027099609375,5807,0.35443115234375,448\Cracks\IMG_8512 resized_448.jpg,1
0.65715766,0.11818656,0.15294118,0.99607843,0.654902,0.50980395,0.58431375,0.654902,0.73333335,0.81058824,0.1490196,0.005126953125,0.3499755859375,5789,0.35333251953125,448\Cracks\IMG_8513 resized_448.jpg,1
0.63605237,0.13858815,0.12156863,0.99215686,0.6392157,0.45882353,0.5529412,0.6392157,0.7294118,0.8156863,0.17647058,0.01556396484375,0.32427978515625,6021,0.36749267578125,448\Cracks\IMG_8514 resized_448.jpg,1
0.6130455,0.15115036,0.101960786,0.99607843,0.61960787,0.41960785,0.5254902,0.61960787,0.7137255,0.8,0.18823528,0.035400390625,0.28619384765625,6075,0.37078857421875,448\Cracks\IMG_8515 resized_448.jpg,1
0.6745589,0.1348828,0.13725491,0.99607843,0.68235296,0.5019608,0.6,0.68235296,0.7647059,0.8392157,0.16470587,0.01385498046875,0.4454345703125,5873,0.35845947265625,448\Cracks\IMG_8516 resized_448.jpg,1
0.48591596,0.11573715,0.13333334,0.98039216,0.46666667,0.3647059,0.4117647,0.46666667,0.5372549,0.6509804,0.12549022,0.0238037109375,0.06414794921875,5195,0.31707763671875,448\Cracks\IMG_8517 resized_448.jpg,1
0.7121125,0.11780513,0.3019608,1.0,0.69803923,0.5764706,0.627451,0.69803923,0.78431374,0.8862745,0.15686274,0.0,0.49493408203125,5587,0.34100341796875,448\Cracks\IMG_8518 resized_448.jpg,1
0.6478803,0.11682714,0.22745098,0.99607843,0.63529414,0.5137255,0.5686275,0.63529414,0.7137255,0.8156863,0.14509803,0.00067138671875,0.280517578125,5475,0.33416748046875,448\Cracks\IMG_8519 resized_448.jpg,1
0.6825583,0.111695156,0.3137255,0.99607843,0.6666667,0.5529412,0.60784316,0.6666667,0.7490196,0.84313726,0.14117646,0.0,0.38507080078125,5262,0.3211669921875,448\Cracks\IMG_8520 resized_448.jpg,1
0.62335855,0.126885,0.19215687,0.99215686,0.6039216,0.48235294,0.5372549,0.6039216,0.69411767,0.8117647,0.15686274,0.00250244140625,0.242431640625,5654,0.3450927734375,448\Cracks\IMG_8521 resized_448.jpg,1
0.6380907,0.12744482,0.09803922,0.99215686,0.627451,0.49803922,0.5568628,0.627451,0.7176471,0.8156863,0.1607843,0.0111083984375,0.29022216796875,5748,0.350830078125,448\Cracks\IMG_8522 resized_448.jpg,1
0.63072175,0.12706655,0.09411765,0.99215686,0.61960787,0.4862745,0.54901963,0.61960787,0.70980394,0.80784315,0.1607843,0.0084228515625,0.27166748046875,5560,0.33935546875,448\Cracks\IMG_8523 resized_448.jpg,1
0.65082604,0.13189116,0.11764706,0.99607843,0.6431373,0.49803922,0.5647059,0.6431373,0.73333335,0.83137256,0.16862744,0.00897216796875,0.33087158203125,5698,0.3477783203125,448\Cracks\IMG_8524 resized_448.jpg,1
0.6733825,0.12964986,0.13725491,0.99607843,0.6666667,0.52156866,0.5882353,0.6666667,0.75686276,0.85490197,0.16862744,0.00634765625,0.39093017578125,5658,0.3453369140625,448\Cracks\IMG_8525 resized_448.jpg,1
0.6782851,0.12649481,0.1254902,1.0,0.67058825,0.5254902,0.59607846,0.67058825,0.7607843,0.85490197,0.16470587,0.0037841796875,0.40802001953125,5695,0.34759521484375,448\Cracks\IMG_8526 resized_448.jpg,1
0.6493255,0.122113645,0.1764706,0.99215686,0.6392157,0.5031373,0.57254905,0.6392157,0.7254902,0.81960785,0.15294117,0.004150390625,0.30804443359375,5610,0.3424072265625,448\Cracks\IMG_8527 resized_448.jpg,1
0.6368569,0.13032667,0.1254902,0.99215686,0.627451,0.4862745,0.5529412,0.627451,0.72156864,0.8156863,0.16862744,0.0084228515625,0.29339599609375,5657,0.34527587890625,448\Cracks\IMG_8528 resized_448.jpg,1
0.6751379,0.09859915,0.16470589,0.99215686,0.6745098,0.57254905,0.61960787,0.6745098,0.73333335,0.79607844,0.11372548,0.0048828125,0.369873046875,4820,0.294189453125,448\Cracks\IMG_8529 resized_448.jpg,1
0.60738194,0.12407953,0.1254902,0.99607843,0.59607846,0.47058824,0.5294118,0.59607846,0.6784314,0.7764706,0.1490196,0.01300048828125,0.21343994140625,5644,0.344482421875,448\Cracks\IMG_8530 resized_448.jpg,1
0.6726836,0.12426993,0.13333334,0.99607843,0.6745098,0.5294118,0.6039216,0.6745098,0.7490196,0.827451,0.14509803,0.01214599609375,0.40460205078125,5522,0.3370361328125,448\Cracks\IMG_8531 resized_448.jpg,1
0.6421217,0.12657212,0.14117648,0.99215686,0.6431373,0.4862745,0.5764706,0.6431373,0.7176471,0.8039216,0.14117646,0.012939453125,0.29852294921875,5576,0.34033203125,448\Cracks\IMG_8532 resized_448.jpg,1
0.67041045,0.121840574,0.14901961,0.99607843,0.6745098,0.5254902,0.60784316,0.6745098,0.74509805,0.81960785,0.1372549,0.0087890625,0.395263671875,5340,0.325927734375,448\Cracks\IMG_8533 resized_448.jpg,1
0.61631083,0.0633252,0.34509805,0.91764706,0.6156863,0.53333336,0.57254905,0.6156863,0.65882355,0.69803923,0.086274505,0.0,0.090576171875,1486,0.0906982421875,448\NonCracks\IMG_20180705_130729936 resized_448.jpg,0
0.61836493,0.0675033,0.3254902,0.9529412,0.6156863,0.5372549,0.57254905,0.6156863,0.65882355,0.69803923,0.086274505,0.0,0.0997314453125,1222,0.0745849609375,448\NonCracks\IMG_20180705_130731751 resized_448.jpg,0
0.62640023,0.061372556,0.38039216,0.9843137,0.627451,0.54901963,0.58431375,0.627451,0.6666667,0.7058824,0.082352936,0.0,0.11395263671875,1361,0.08306884765625,448\NonCracks\IMG_20180705_130732496 resized_448.jpg,0
0.6273483,0.059955966,0.40784314,0.96862745,0.627451,0.5529412,0.5882353,0.627451,0.6666667,0.7019608,0.07843137,0.0,0.1097412109375,1194,0.0728759765625,448\NonCracks\IMG_20180705_130732993 resized_448.jpg,0
0.6510644,0.07828416,0.41568628,0.99215686,0.6431373,0.56078434,0.59607846,0.6431373,0.6901961,0.7490196,0.09411764,0.0,0.22021484375,1122,0.0684814453125,448\NonCracks\IMG_20180705_130733329 resized_448.jpg,0
0.6555513,0.076029666,0.4,0.99215686,0.6509804,0.5686275,0.6039216,0.6509804,0.69803923,0.7490196,0.09411764,0.0,0.24169921875,1174,0.0716552734375,448\NonCracks\IMG_20180705_130733660 resized_448.jpg,0
0.6252178,0.06548586,0.34509805,0.9764706,0.62352943,0.54509807,0.5803922,0.62352943,0.6627451,0.7058824,0.082352936,0.0,0.11224365234375,914,0.0557861328125,448\NonCracks\IMG_20180705_130733991 resized_448.jpg,0
0.62398106,0.06927459,0.26666668,0.9882353,0.61960787,0.54509807,0.5803922,0.61960787,0.6627451,0.7058824,0.082352936,0.000244140625,0.11187744140625,635,0.03875732421875,448\NonCracks\IMG_20180705_130734324 resized_448.jpg,0
0.6028215,0.060464192,0.3647059,0.91764706,0.6039216,0.5254902,0.56078434,0.6039216,0.6431373,0.6784314,0.082352936,0.0,0.048583984375,874,0.0533447265625,448\NonCracks\IMG_20180705_130734659 resized_448.jpg,0
0.59931284,0.062384687,0.3372549,0.9254902,0.6,0.5176471,0.5568628,0.6,0.6431373,0.6784314,0.086274505,0.0,0.0498046875,1173,0.07159423828125,448\NonCracks\IMG_20180705_130734991 resized_448.jpg,0
0.6001056,0.06120286,0.36078432,0.8980392,0.6,0.52156866,0.5568628,0.6,0.6431373,0.6784314,0.086274505,0.0,0.04681396484375,1338,0.0816650390625,448\NonCracks\IMG_20180705_130735324 resized_448.jpg,0
0.6032179,0.060060542,0.3647059,0.972549,0.6039216,0.5254902,0.5647059,0.6039216,0.6431373,0.6784314,0.07843137,0.0,0.05078125,1177,0.07183837890625,448\NonCracks\IMG_20180705_130735657 resized_448.jpg,0
0.6088774,0.06616225,0.34901962,0.98039216,0.60784316,0.5294118,0.5647059,0.60784316,0.64705884,0.6901961,0.082352936,0.0,0.0767822265625,1232,0.0751953125,448\NonCracks\IMG_20180705_130735989 resized_448.jpg,0
0.60836303,0.064295806,0.35686275,0.9490196,0.60784316,0.5294118,0.5647059,0.60784316,0.6509804,0.6901961,0.086274505,0.0,0.076171875,1281,0.07818603515625,448\NonCracks\IMG_20180705_130736323 resized_448.jpg,0
0.5982161,0.06369034,0.3372549,0.92941177,0.6,0.5176471,0.5568628,0.6,0.6392157,0.6784314,0.082352936,0.0,0.052001953125,1329,0.08111572265625,448\NonCracks\IMG_20180705_130736655 resized_448.jpg,0
0.5882997,0.062438175,0.22745098,0.89411765,0.5882353,0.50980395,0.54509807,0.5882353,0.6313726,0.6666667,0.086274505,6.103515625e-05,0.03179931640625,1195,0.07293701171875,448\NonCracks\IMG_20180705_130736987 resized_448.jpg,0
0.57964206,0.064306855,0.29411766,0.8784314,0.5803922,0.49803922,0.5372549,0.5803922,0.62352943,0.65882355,0.086274505,6.103515625e-05,0.02752685546875,1460,0.089111328125,448\NonCracks\IMG_20180705_130737319 resized_448.jpg,0
0.58135676,0.06380205,0.29803923,0.89411765,0.5803922,0.5019608,0.5372549,0.5803922,0.62352943,0.6627451,0.086274505,6.103515625e-05,0.03118896484375,1388,0.084716796875,448\NonCracks\IMG_20180705_130737652 resized_448.jpg,0
0.5918838,0.06457555,0.28627452,0.8980392,0.5921569,0.50980395,0.54901963,0.5921569,0.63529414,0.6745098,0.086274505,6.103515625e-05,0.04669189453125,1458,0.0889892578125,448\NonCracks\IMG_20180705_130737985 resized_448.jpg,0
0.5886767,0.06304144,0.28235295,0.9019608,0.5882353,0.5058824,0.54509807,0.5882353,0.6313726,0.67058825,0.086274505,6.103515625e-05,0.03619384765625,1508,0.092041015625,448\NonCracks\IMG_20180705_130738321 resized_448.jpg,0
0.59486616,0.06253846,0.34901962,0.90588236,0.59607846,0.5137255,0.5529412,0.59607846,0.6392157,0.6745098,0.086274505,0.0,0.04278564453125,1266,0.0772705078125,448\NonCracks\IMG_20180705_130738655 resized_448.jpg,0
0.602844,0.061309922,0.35686275,0.9843137,0.6039216,0.5254902,0.56078434,0.6039216,0.6431373,0.68235296,0.082352936,0.0,0.05511474609375,1084,0.066162109375,448\NonCracks\IMG_20180705_130738987 resized_448.jpg,0
0.60927975,0.06312148,0.3764706,0.91764706,0.60784316,0.5294118,0.5647059,0.60784316,0.6509804,0.6901961,0.086274505,0.0,0.0738525390625,1163,0.07098388671875,448\NonCracks\IMG_20180705_130739321 resized_448.jpg,0
0.61397016,0.062462986,0.39215687,0.91764706,0.6117647,0.53333336,0.5686275,0.6117647,0.65882355,0.69411767,0.09019607,0.0,0.082275390625,975,0.05950927734375,448\NonCracks\IMG_20180705_130739654 resized_448.jpg,0
0.6097132,0.06087075,0.39607844,0.8901961,0.60784316,0.53333336,0.5686275,0.60784316,0.6509804,0.6862745,0.082352936,0.0,0.06842041015625,1169,0.07135009765625,448\NonCracks\IMG_20180705_130739987 resized_448.jpg,0
0.612568,0.062609136,0.23921569,0.9607843,0.6117647,0.5294118,0.5686275,0.6117647,0.654902,0.6901961,0.086274505,6.103515625e-05,0.07733154296875,1111,0.06781005859375,448\NonCracks\IMG_20180705_130740323 resized_448.jpg,0
0.61557907,0.065396,0.27450982,0.9607843,0.6156863,0.53333336,0.5686275,0.6156863,0.65882355,0.69803923,0.09019607,6.103515625e-05,0.09051513671875,1121,0.06842041015625,448\NonCracks\IMG_20180705_130740656 resized_448.jpg,0
0.62151384,0.06724679,0.2901961,0.9529412,0.61960787,0.5372549,0.5764706,0.61960787,0.6666667,0.7058824,0.09019607,6.103515625e-05,0.11688232421875,1598,0.0975341796875,448\NonCracks\IMG_20180705_130740989 resized_448.jpg,0
0.6550739,0.09399949,0.40392157,1.0,0.6431373,0.5568628,0.59607846,0.6431373,0.6901961,0.74509805,0.09411764,0.0,0.21807861328125,1460,0.089111328125,448\NonCracks\IMG_20180705_130741322 resized_448.jpg,0
0.622285,0.060547765,0.3882353,0.9137255,0.61960787,0.54509807,0.5803922,0.61960787,0.6627451,0.69803923,0.082352936,0.0,0.09881591796875,1141,0.06964111328125,448\NonCracks\IMG_20180705_130741655 resized_448.jpg,0
0.63863266,0.07161468,0.39215687,0.9764706,0.6313726,0.5529412,0.5882353,0.6313726,0.6784314,0.7294118,0.09019607,0.0,0.1697998046875,881,0.05377197265625,448\NonCracks\IMG_20180705_130741989 resized_448.jpg,0
0.6281279,0.06264903,0.3137255,0.92156863,0.627451,0.54901963,0.58431375,0.627451,0.67058825,0.70980394,0.086274505,0.0,0.123291015625,860,0.052490234375,448\NonCracks\IMG_20180705_130742323 resized_448.jpg,0
0.6517485,0.09198548,0.31764707,1.0,0.6392157,0.54901963,0.5882353,0.6392157,0.69803923,0.7647059,0.109803915,0.0,0.2412109375,1233,0.07525634765625,448\NonCracks\IMG_20180705_130742655 resized_448.jpg,0
0.6507696,0.09401553,0.34509805,1.0,0.6392157,0.54901963,0.5882353,0.6392157,0.6901961,0.77254903,0.10196078,0.0,0.22076416015625,1446,0.0882568359375,448\NonCracks\IMG_20180705_130742988 resized_448.jpg,0
0.6310624,0.07920001,0.38431373,0.99607843,0.62352943,0.5372549,0.5764706,0.62352943,0.67058825,0.7254902,0.09411764,0.0,0.156005859375,1285,0.07843017578125,448\NonCracks\IMG_20180705_130743321 resized_448.jpg,0
0.6239935,0.071787,0.38039216,0.9882353,0.61960787,0.5372549,0.5764706,0.61960787,0.6666667,0.70980394,0.09019607,0.0,0.12957763671875,1332,0.081298828125,448\NonCracks\IMG_20180705_130743653 resized_448.jpg,0
0.6167109,0.0661504,0.28627452,0.972549,0.6156863,0.53333336,0.57254905,0.6156863,0.65882355,0.69803923,0.086274505,6.103515625e-05,0.09637451171875,1425,0.08697509765625,448\NonCracks\IMG_20180705_130743987 resized_448.jpg,0
0.61557525,0.06739932,0.3764706,0.9137255,0.6156863,0.5294118,0.5686275,0.6156863,0.65882355,0.7019608,0.09019607,0.0,0.1014404296875,1200,0.0732421875,448\NonCracks\IMG_20180705_130744320 resized_448.jpg,0
0.61900824,0.07329474,0.34901962,1.0,0.6156863,0.5294118,0.5686275,0.6156863,0.6627451,0.7058824,0.09411764,0.0,0.11627197265625,1473,0.08990478515625,448\NonCracks\IMG_20180705_130744653 resized_448.jpg,0
0.6383351,0.10389212,0.37254903,1.0,0.62352943,0.5294118,0.57254905,0.62352943,0.6784314,0.75686276,0.10588235,0.0,0.1873779296875,1578,0.0963134765625,448\NonCracks\IMG_20180705_130744988 resized_448.jpg,0
0.6107774,0.06563819,0.37254903,0.9529412,0.6117647,0.5254902,0.5647059,0.6117647,0.654902,0.69411767,0.09019607,0.0,0.08172607421875,1574,0.0960693359375,448\NonCracks\IMG_20180705_130745320 resized_448.jpg,0
0.6165903,0.06530354,0.3882353,0.9254902,0.6156863,0.53333336,0.57254905,0.6156863,0.65882355,0.69803923,0.086274505,0.0,0.096435546875,1209,0.07379150390625,448\NonCracks\IMG_20180705_130745654 resized_448.jpg,0
0.61395675,0.06681693,0.3764706,0.99607843,0.6117647,0.5294118,0.5686275,0.6117647,0.654902,0.69411767,0.086274505,0.0,0.09014892578125,1616,0.0986328125,448\NonCracks\IMG_20180705_130745987 resized_448.jpg,0
0.652225,0.10544681,0.3529412,1.0,0.63529414,0.5411765,0.58431375,0.63529414,0.6901961,0.76862746,0.10588235,0.0,0.22222900390625,1402,0.0855712890625,448\NonCracks\IMG_20180705_130746319 resized_448.jpg,0
0.6179011,0.06497639,0.3254902,0.9490196,0.61960787,0.53333336,0.57254905,0.61960787,0.6627451,0.69803923,0.09019607,0.0,0.09844970703125,1463,0.08929443359375,448\NonCracks\IMG_20180705_130746652 resized_448.jpg,0
0.6210047,0.0711996,0.36078432,0.95686275,0.61960787,0.5294118,0.57254905,0.61960787,0.6666667,0.70980394,0.09411764,0.0,0.13031005859375,1608,0.09814453125,448\NonCracks\IMG_20180705_130746985 resized_448.jpg,0
0.61983454,0.060792744,0.3764706,0.8980392,0.61960787,0.5411765,0.5803922,0.61960787,0.65882355,0.69411767,0.07843137,0.0,0.086669921875,1347,0.08221435546875,448\NonCracks\IMG_20180705_130747318 resized_448.jpg,0
0.62357396,0.06841144,0.34901962,0.92941177,0.62352943,0.5372549,0.5764706,0.62352943,0.6666667,0.70980394,0.09019607,0.0,0.13092041015625,1455,0.08880615234375,448\NonCracks\IMG_20180705_130747652 resized_448.jpg,0
0.62836075,0.06939101,0.36078432,0.972549,0.627451,0.54509807,0.58431375,0.627451,0.67058825,0.7137255,0.086274505,0.0,0.13238525390625,1236,0.075439453125,448\NonCracks\IMG_20180705_130747985 resized_448.jpg,0
0.62683415,0.06529344,0.36862746,0.9647059,0.627451,0.54509807,0.58431375,0.627451,0.6666667,0.7058824,0.082352936,0.0,0.1199951171875,1364,0.083251953125,448\NonCracks\IMG_20180705_130748317 resized_448.jpg,0
0.6239294,0.06642413,0.3647059,0.98039216,0.62352943,0.5411765,0.5803922,0.62352943,0.6666667,0.7058824,0.086274505,0.0,0.11578369140625,1364,0.083251953125,448\NonCracks\IMG_20180705_130748649 resized_448.jpg,0
0.5999321,0.12263515,0.13333334,0.99215686,0.60784316,0.43529412,0.52156866,0.60784316,0.6862745,0.7490196,0.16470587,0.014404296875,0.20916748046875,5690,0.3472900390625,448\NonCracks\IMG_8658 resized_448.jpg,0
0.6353451,0.12458267,0.13333334,0.9882353,0.64705884,0.46666667,0.5568628,0.64705884,0.7254902,0.78039217,0.16862744,0.01007080078125,0.325927734375,5613,0.34259033203125,448\NonCracks\IMG_8659 resized_448.jpg,0
0.59004605,0.1320638,0.08627451,0.99607843,0.59607846,0.41960785,0.5058824,0.59607846,0.68235296,0.7490196,0.17647058,0.02166748046875,0.20257568359375,5867,0.35809326171875,448\NonCracks\IMG_8660 resized_448.jpg,0
0.63880765,0.12578717,0.13333334,0.9882353,0.6509804,0.46666667,0.5568628,0.6509804,0.7294118,0.7882353,0.17254901,0.0067138671875,0.34747314453125,5076,0.309814453125,448\NonCracks\IMG_8661 resized_448.jpg,0
0.62207866,0.12370911,0.12941177,0.9882353,0.63529414,0.45490196,0.5411765,0.63529414,0.7137255,0.76862746,0.17254901,0.009033203125,0.290283203125,5236,0.319580078125,448\NonCracks\IMG_8662 resized_448.jpg,0
0.6325816,0.113170736,0.20784314,0.99215686,0.6431373,0.48235294,0.5568628,0.6431373,0.7137255,0.7647059,0.15686274,0.00396728515625,0.294677734375,5053,0.30841064453125,448\NonCracks\IMG_8663 resized_448.jpg,0
0.6085543,0.10749625,0.15686275,0.9882353,0.6117647,0.47058824,0.5411765,0.6117647,0.6784314,0.7411765,0.1372549,0.0040283203125,0.19085693359375,4810,0.2935791015625,448\NonCracks\IMG_8664 resized_448.jpg,0
0.6166719,0.104136646,0.14117648,0.99215686,0.61960787,0.4862745,0.5529412,0.61960787,0.6862745,0.74509805,0.13333333,0.0037841796875,0.2025146484375,4494,0.2742919921875,448\NonCracks\IMG_8665 resized_448.jpg,0
0.64939994,0.09578674,0.20392157,0.9843137,0.654902,0.5254902,0.5911765,0.654902,0.7176471,0.7647059,0.12647057,0.0010986328125,0.313720703125,4691,0.28631591796875,448\NonCracks\IMG_8666 resized_448.jpg,0
0.6458166,0.1132328,0.1254902,0.99215686,0.6509804,0.49803922,0.5764706,0.6509804,0.72156864,0.78039217,0.14509803,0.00457763671875,0.33062744140625,5618,0.3428955078125,448\NonCracks\IMG_8667 resized_448.jpg,0
0.6482451,0.092357725,0.21960784,0.98039216,0.6509804,0.5294118,0.5921569,0.6509804,0.70980394,0.7607843,0.11764705,0.0008544921875,0.28753662109375,4648,0.28369140625,448\NonCracks\IMG_8668 resized_448.jpg,0
0.64847654,0.09087996,0.20392157,0.98039216,0.65882355,0.5294118,0.59607846,0.65882355,0.70980394,0.7529412,0.11372548,0.00128173828125,0.29388427734375,4628,0.282470703125,448\NonCracks\IMG_8669 resized_448.jpg,0
0.6465677,0.10271464,0.14117648,0.99607843,0.65882355,0.50980395,0.5882353,0.65882355,0.7176471,0.7647059,0.12941176,0.00323486328125,0.3211669921875,5285,0.32257080078125,448\NonCracks\IMG_8670 resized_448.jpg,0
0.63810444,0.1243727,0.10980392,0.9843137,0.654902,0.46666667,0.56078434,0.654902,0.7294118,0.78431374,0.16862744,0.00848388671875,0.34515380859375,5642,0.3443603515625,448\NonCracks\IMG_8671 resized_448.jpg,0
0.6113806,0.10503842,0.101960786,0.99215686,0.6156863,0.47843137,0.54901963,0.6156863,0.6784314,0.73333335,0.12941176,0.00579833984375,0.18267822265625,5313,0.32427978515625,448\NonCracks\IMG_8672 resized_448.jpg,0
0.6584564,0.10289493,0.20784314,0.99215686,0.65882355,0.5294118,0.5921569,0.65882355,0.73333335,0.7921569,0.14117646,0.00115966796875,0.35400390625,4878,0.2977294921875,448\NonCracks\IMG_8673 resized_448.jpg,0
0.65900576,0.11005676,0.21176471,0.96862745,0.6627451,0.5137255,0.58431375,0.6627451,0.7411765,0.8,0.15686274,0.00048828125,0.37310791015625,4720,0.2880859375,448\NonCracks\IMG_8674 resized_448.jpg,0
0.6727606,0.10844574,0.2,0.972549,0.6784314,0.5294118,0.6,0.6784314,0.7529412,0.8117647,0.15294117,0.00091552734375,0.424072265625,4543,0.27728271484375,448\NonCracks\IMG_8675 resized_448.jpg,0
0.59509975,0.13415149,0.11764706,0.99607843,0.6,0.41568628,0.5019608,0.6,0.69411767,0.7647059,0.19215685,0.01702880859375,0.236328125,5843,0.35662841796875,448\NonCracks\IMG_8676 resized_448.jpg,0
0.6096072,0.10493581,0.18039216,0.9882353,0.6156863,0.47843137,0.54509807,0.6156863,0.6784314,0.7372549,0.13333333,0.00384521484375,0.18109130859375,5258,0.3209228515625,448\NonCracks\IMG_8677 resized_448.jpg,0
0.60417217,0.11380376,0.11372549,0.972549,0.60784316,0.45490196,0.53333336,0.60784316,0.68235296,0.74509805,0.1490196,0.00787353515625,0.1961669921875,5500,0.335693359375,448\NonCracks\IMG_8678 resized_448.jpg,0
0.5951139,0.11812197,0.101960786,0.9647059,0.6039216,0.43529412,0.5254902,0.6039216,0.6745098,0.7372549,0.1490196,0.01300048828125,0.18145751953125,4667,0.28485107421875,448\NonCracks\IMG_8679 resized_448.jpg,0
0.6297983,0.10682949,0.18039216,0.9843137,0.6313726,0.49803922,0.56078434,0.6313726,0.7019608,0.7647059,0.14117646,0.00323486328125,0.25531005859375,4645,0.28350830078125,448\NonCracks\IMG_8680 resized_448.jpg,0
0.6764469,0.083520256,0.2509804,0.98039216,0.6784314,0.5686275,0.62352943,0.6784314,0.73333335,0.7764706,0.109803915,0.00018310546875,0.40093994140625,3929,0.23980712890625,448\NonCracks\IMG_8681 resized_448.jpg,0
0.65149647,0.08390953,0.28235295,0.9764706,0.6509804,0.54509807,0.59607846,0.6509804,0.7058824,0.75686276,0.109803915,6.103515625e-05,0.27764892578125,3846,0.2347412109375,448\NonCracks\IMG_8682 resized_448.jpg,0
0.64402723,0.08266559,0.30980393,0.972549,0.6431373,0.5411765,0.5882353,0.6431373,0.69803923,0.7490196,0.109803915,0.0,0.2437744140625,3224,0.19677734375,448\NonCracks\IMG_8683 resized_448.jpg,0
0.57491577,0.1210791,0.105882354,0.98039216,0.58431375,0.41568628,0.5058824,0.58431375,0.654902,0.7137255,0.1490196,0.02435302734375,0.1265869140625,5152,0.314453125,448\NonCracks\IMG_8684 resized_448.jpg,0
0.5903883,0.10630963,0.2,0.99215686,0.5921569,0.45882353,0.52156866,0.5921569,0.654902,0.72156864,0.13333333,0.0035400390625,0.13775634765625,5370,0.3277587890625,448\NonCracks\IMG_8685 resized_448.jpg,0
0.57211864,0.12223983,0.16470589,0.96862745,0.5764706,0.40392157,0.4862745,0.5764706,0.6627451,0.7254902,0.17647061,0.01318359375,0.15155029296875,5607,0.34222412109375,448\NonCracks\IMG_8686 resized_448.jpg,0
0.6045525,0.12574528,0.20784314,0.99215686,0.6117647,0.43529412,0.5176471,0.6117647,0.69803923,0.7647059,0.18039215,0.0064697265625,0.239501953125,5677,0.34649658203125,448\NonCracks\IMG_8687 resized_448.jpg,0
0.5854301,0.13932088,0.14901961,0.9882353,0.5921569,0.39215687,0.4862745,0.5921569,0.6901961,0.7607843,0.20392159,0.020751953125,0.22369384765625,5882,0.3590087890625,448\NonCracks\IMG_8688 resized_448.jpg,0
0.51503474,0.15123306,0.08235294,0.9882353,0.5176471,0.30980393,0.40392157,0.5176471,0.62352943,0.70980394,0.21960786,0.08837890625,0.11572265625,6038,0.3685302734375,448\NonCracks\IMG_8689 resized_448.jpg,0
0.5866355,0.13373332,0.1764706,0.972549,0.59607846,0.40392157,0.49411765,0.59607846,0.68235296,0.75686276,0.18823531,0.0164794921875,0.2105712890625,5745,0.35064697265625,448\NonCracks\IMG_8690 resized_448.jpg,0
0.5692515,0.13572276,0.15294118,0.9764706,0.5764706,0.38431373,0.4745098,0.5764706,0.6666667,0.7411765,0.19215688,0.02764892578125,0.17620849609375,5780,0.352783203125,448\NonCracks\IMG_8691 resized_448.jpg,0
0.5637087,0.1376307,0.12156863,0.9764706,0.5686275,0.38039216,0.46666667,0.5686275,0.6627451,0.7372549,0.19607845,0.03192138671875,0.16455078125,5775,0.35247802734375,448\NonCracks\IMG_8692 resized_448.jpg,0
0.5469068,0.14611499,0.12941177,0.9764706,0.5529412,0.34509805,0.4392157,0.5529412,0.654902,0.73333335,0.21568629,0.0517578125,0.1580810546875,5830,0.3558349609375,448\NonCracks\IMG_8693 resized_448.jpg,0
0.53208685,0.1485349,0.10980392,0.99215686,0.5372549,0.3254902,0.42352942,0.5372549,0.6431373,0.7254902,0.21960786,0.06964111328125,0.1380615234375,5784,0.35302734375,448\NonCracks\IMG_8694 resized_448.jpg,0
0.5429369,0.14416127,0.11764706,0.99215686,0.54901963,0.34509805,0.4392157,0.54901963,0.64705884,0.7254902,0.20784315,0.05377197265625,0.140380859375,5856,0.357421875,448\NonCracks\IMG_8695 resized_448.jpg,0
0.55271256,0.14507145,0.14117648,0.99215686,0.5568628,0.3529412,0.44705883,0.5568628,0.65882355,0.7372549,0.21176472,0.04522705078125,0.1651611328125,5821,0.35528564453125,448\NonCracks\IMG_8696 resized_448.jpg,0
0.5759048,0.14565909,0.105882354,0.9843137,0.58431375,0.3764706,0.4745098,0.58431375,0.6862745,0.7607843,0.21176472,0.0330810546875,0.213623046875,5748,0.350830078125,448\NonCracks\IMG_8697 resized_448.jpg,0
0.5243566,0.15390612,0.11764706,0.9882353,0.5254902,0.31764707,0.4117647,0.5254902,0.63529414,0.7254902,0.22352943,0.07855224609375,0.1375732421875,5890,0.3594970703125,448\NonCracks\IMG_8698 resized_448.jpg,0
0.52265656,0.1548565,0.10980392,0.9882353,0.5254902,0.3137255,0.40784314,0.5254902,0.63529414,0.7254902,0.227451,0.08245849609375,0.1365966796875,5869,0.35821533203125,448\NonCracks\IMG_8699 resized_448.jpg,0
0.52546704,0.15156756,0.09411765,0.9882353,0.5294118,0.31764707,0.41568628,0.5294118,0.63529414,0.7254902,0.21960786,0.07763671875,0.13330078125,5892,0.359619140625,448\NonCracks\IMG_8700 resized_448.jpg,0
0.5495115,0.15091476,0.09803922,0.99607843,0.5529412,0.34509805,0.4392157,0.5529412,0.65882355,0.7490196,0.21960786,0.05023193359375,0.1756591796875,5879,0.35882568359375,448\NonCracks\IMG_8701 resized_448.jpg,0
0.51965576,0.14980511,0.09411765,0.99215686,0.5176471,0.32156864,0.4117647,0.5176471,0.627451,0.7137255,0.21568629,0.07415771484375,0.122314453125,5799,0.35394287109375,448\NonCracks\IMG_8702 resized_448.jpg,0
0.50449365,0.14770594,0.09803922,0.9882353,0.5058824,0.30980393,0.4,0.5058824,0.60784316,0.69803923,0.20784315,0.08819580078125,0.098876953125,5819,0.35516357421875,448\NonCracks\IMG_8703 resized_448.jpg,0
0.54825705,0.16202576,0.09803922,0.9764706,0.5568628,0.3254902,0.42745098,0.5568628,0.67058825,0.75686276,0.24313727,0.073974609375,0.18939208984375,5899,0.36004638671875,448\NonCracks\IMG_8704 resized_448.jpg,0
0.5817814,0.16160193,0.12156863,0.99215686,0.5882353,0.36078432,0.4627451,0.5882353,0.7019608,0.7921569,0.2392157,0.0433349609375,0.258056640625,5890,0.3594970703125,448\NonCracks\IMG_8705 resized_448.jpg,0
0.57360005,0.13163652,0.14901961,0.99607843,0.5764706,0.4,0.48235294,0.5764706,0.6666667,0.74509805,0.18431374,0.0145263671875,0.17364501953125,5796,0.353759765625,448\NonCracks\IMG_8706 resized_448.jpg,0
0.57566375,0.13362698,0.16470589,0.9764706,0.5803922,0.39607844,0.48235294,0.5803922,0.6745098,0.7490196,0.19215688,0.0185546875,0.1871337890625,5718,0.3489990234375,448\NonCracks\IMG_8707 resized_448.jpg,0
0.56937635,0.13508146,0.15294118,0.9843137,0.57254905,0.3882353,0.47058824,0.57254905,0.6666667,0.7411765,0.19607845,0.02197265625,0.17608642578125,5785,0.35308837890625,448\NonCracks\IMG_8708 resized_448.jpg,0
0.58501863,0.13262402,0.18039216,0.99215686,0.5921569,0.40784314,0.49019608,0.5921569,0.6784314,0.7529412,0.18823531,0.01519775390625,0.20184326171875,5940,0.362548828125,448\NonCracks\IMG_8709 resized_448.jpg,0
0.57545286,0.14047536,0.14117648,0.9882353,0.5803922,0.38431373,0.4745098,0.5803922,0.6784314,0.75686276,0.20392159,0.0238037109375,0.2012939453125,5851,0.35711669921875,448\NonCracks\IMG_8710 resized_448.jpg,0
0.57586694,0.1414154,0.17254902,0.96862745,0.5803922,0.38431373,0.47843137,0.5803922,0.6784314,0.75686276,0.20000002,0.02923583984375,0.20477294921875,5811,0.35467529296875,448\NonCracks\IMG_8711 resized_448.jpg,0
0.57992804,0.13822435,0.16470589,0.96862745,0.58431375,0.39215687,0.48235294,0.58431375,0.68235296,0.75686276,0.20000002,0.02264404296875,0.206298828125,5835,0.35614013671875,448\NonCracks\IMG_8712 resized_448.jpg,0
0.5875453,0.13829435,0.17254902,0.9843137,0.5921569,0.4,0.49019608,0.5921569,0.6901961,0.7647059,0.20000002,0.01898193359375,0.22314453125,5815,0.35491943359375,448\NonCracks\IMG_8713 resized_448.jpg,0
0.57439613,0.13827159,0.13725491,0.9843137,0.5803922,0.3882353,0.47843137,0.5803922,0.6745098,0.7490196,0.19607845,0.0263671875,0.19268798828125,5835,0.35614013671875,448\NonCracks\IMG_8714 resized_448.jpg,0
0.5772605,0.13687392,0.1764706,0.98039216,0.5803922,0.39215687,0.47843137,0.5803922,0.6784314,0.7529412,0.20000002,0.02227783203125,0.1966552734375,5969,0.36431884765625,448\NonCracks\IMG_8715 resized_448.jpg,0
0.5794419,0.13484143,0.1882353,0.99215686,0.58431375,0.4,0.48235294,0.58431375,0.6745098,0.7529412,0.19215688,0.0179443359375,0.1990966796875,5835,0.35614013671875,448\NonCracks\IMG_8716 resized_448.jpg,0
0.59043187,0.13346152,0.1764706,0.972549,0.59607846,0.4117647,0.49411765,0.59607846,0.6862745,0.7647059,0.19215688,0.01397705078125,0.21856689453125,5738,0.3502197265625,448\NonCracks\IMG_8717 resized_448.jpg,0
0.58235466,0.13573734,0.14117648,0.98039216,0.5882353,0.4,0.4862745,0.5882353,0.68235296,0.7529412,0.19607845,0.02093505859375,0.2056884765625,5850,0.3570556640625,448\NonCracks\IMG_8718 resized_448.jpg,0
0.57792276,0.13856655,0.17254902,0.9764706,0.58431375,0.3882353,0.48235294,0.58431375,0.6784314,0.75686276,0.19607845,0.02520751953125,0.201171875,5842,0.3565673828125,448\NonCracks\IMG_8719 resized_448.jpg,0
0.5870373,0.13556409,0.16862746,0.9843137,0.5921569,0.40392157,0.49411765,0.5921569,0.6862745,0.75686276,0.19215688,0.01800537109375,0.21221923828125,5882,0.3590087890625,448\NonCracks\IMG_8720 resized_448.jpg,0
0.5130601,0.15335566,0.105882354,0.9764706,0.5176471,0.3019608,0.4,0.5176471,0.62352943,0.7137255,0.22352943,0.097900390625,0.11627197265625,5945,0.36285400390625,448\NonCracks\IMG_8721 resized_448.jpg,0
0.60972184,0.122556545,0.20784314,0.9843137,0.6156863,0.44313726,0.5254902,0.6156863,0.69803923,0.7647059,0.17254901,0.006103515625,0.2427978515625,5710,0.3485107421875,448\NonCracks\IMG_8722 resized_448.jpg,0
0.59377134,0.12520832,0.19215687,0.9843137,0.6,0.42745098,0.50980395,0.6,0.68235296,0.7529412,0.17254901,0.01104736328125,0.20703125,5695,0.34759521484375,448\NonCracks\IMG_8723 resized_448.jpg,0
0.5912473,0.12224842,0.16078432,0.98039216,0.59607846,0.42745098,0.50980395,0.59607846,0.6784314,0.74509805,0.16862744,0.00848388671875,0.1944580078125,5645,0.34454345703125,448\NonCracks\IMG_8724 resized_448.jpg,0
0.5863811,0.12155326,0.16078432,0.98039216,0.5882353,0.42352942,0.5019608,0.5882353,0.6745098,0.7411765,0.17254901,0.00830078125,0.18157958984375,5733,0.34991455078125,448\NonCracks\IMG_8725 resized_448.jpg,0
0.5909589,0.12388902,0.19215687,0.99607843,0.5921569,0.42745098,0.5058824,0.5921569,0.6784314,0.7490196,0.17254901,0.00958251953125,0.2008056640625,5806,0.3543701171875,448\NonCracks\IMG_8726 resized_448.jpg,0
0.5857477,0.12419559,0.18039216,0.96862745,0.5882353,0.41960785,0.5019608,0.5882353,0.6745098,0.74509805,0.17254901,0.01153564453125,0.1878662109375,5763,0.35174560546875,448\NonCracks\IMG_8727 resized_448.jpg,0
0.58983946,0.12419315,0.18431373,0.9882353,0.5921569,0.42352942,0.5019608,0.5921569,0.6784314,0.7490196,0.17647058,0.00970458984375,0.19873046875,5805,0.35430908203125,448\NonCracks\IMG_8728 resized_448.jpg,0
0.5942524,0.12333164,0.19215687,0.98039216,0.59607846,0.43137255,0.50980395,0.59607846,0.68235296,0.7529412,0.17254901,0.00885009765625,0.203857421875,5752,0.35107421875,448\NonCracks\IMG_8729 resized_448.jpg,0
0.5943017,0.121383764,0.16862746,0.9764706,0.6,0.43529412,0.50980395,0.6,0.68235296,0.7490196,0.17254901,0.0069580078125,0.1988525390625,5753,0.35113525390625,448\NonCracks\IMG_8730 resized_448.jpg,0
0.5949595,0.12116725,0.16862746,0.9647059,0.59607846,0.43529412,0.51274514,0.59607846,0.68235296,0.7490196,0.16960782,0.0072021484375,0.205078125,5625,0.34332275390625,448\NonCracks\IMG_8731 resized_448.jpg,0
0.6373617,0.1106753,0.25490198,0.9882353,0.6431373,0.49019608,0.57254905,0.6431373,0.7058824,0.77254903,0.13333333,0.0009765625,0.26898193359375,4028,0.245849609375,448\NonCracks\IMG_8747 resized_448.jpg,0
0.5797378,0.11029597,0.13333334,0.99215686,0.5686275,0.45882353,0.50980395,0.5686275,0.6392157,0.72156864,0.12941176,0.00537109375,0.12982177734375,5347,0.32635498046875,448\NonCracks\IMG_8748 resized_448.jpg,0
0.6115048,0.096628726,0.2901961,0.99215686,0.59607846,0.5019608,0.54509807,0.59607846,0.6627451,0.74509805,0.11764705,6.103515625e-05,0.1680908203125,4924,0.300537109375,448\NonCracks\IMG_8749 resized_448.jpg,0
0.62484014,0.092647806,0.30588236,0.9882353,0.6117647,0.52156866,0.56078434,0.6117647,0.6745098,0.7529412,0.11372548,0.0,0.18304443359375,4751,0.28997802734375,448\NonCracks\IMG_8750 resized_448.jpg,0
0.61593163,0.090322286,0.24705882,0.99215686,0.6039216,0.5137255,0.5568628,0.6039216,0.6627451,0.73333335,0.10588235,0.00030517578125,0.15252685546875,4674,0.2852783203125,448\NonCracks\IMG_8751 resized_448.jpg,0
0.6113856,0.0982204,0.2,0.9882353,0.6,0.5019608,0.54509807,0.6,0.6627451,0.7411765,0.11764705,0.0003662109375,0.1611328125,4950,0.3021240234375,448\NonCracks\IMG_8752 resized_448.jpg,0
0.6193283,0.10441102,0.2,0.99607843,0.60784316,0.5019608,0.54901963,0.60784316,0.6745098,0.75686276,0.12549019,0.0006103515625,0.18408203125,5321,0.32476806640625,448\NonCracks\IMG_8753 resized_448.jpg,0
0.6352178,0.09521361,0.1882353,1.0,0.62352943,0.5294118,0.57254905,0.62352943,0.68235296,0.7607843,0.109803915,0.0001220703125,0.2042236328125,5105,0.31158447265625,448\NonCracks\IMG_8754 resized_448.jpg,0
0.58689535,0.10616401,0.1882353,0.99607843,0.57254905,0.46666667,0.5176471,0.57254905,0.6392157,0.7254902,0.12156862,0.00177001953125,0.132568359375,5254,0.3206787109375,448\NonCracks\IMG_8755 resized_448.jpg,0
0.59196925,0.105195135,0.2509804,0.99215686,0.5764706,0.47843137,0.52156866,0.5764706,0.6431373,0.73333335,0.12156862,0.00091552734375,0.1395263671875,5295,0.32318115234375,448\NonCracks\IMG_8756 resized_448.jpg,0
0.5893626,0.10954883,0.14509805,0.99607843,0.57254905,0.47058824,0.5176471,0.57254905,0.6392157,0.7372549,0.12156862,0.00146484375,0.137939453125,5616,0.3427734375,448\NonCracks\IMG_8757 resized_448.jpg,0
0.60859567,0.09919664,0.25882354,0.99215686,0.59607846,0.49411765,0.5411765,0.59607846,0.65882355,0.7411765,0.11764705,0.00018310546875,0.15411376953125,5271,0.32171630859375,448\NonCracks\IMG_8758 resized_448.jpg,0
0.6630194,0.08085622,0.36862746,0.9882353,0.6509804,0.57254905,0.60784316,0.6509804,0.70980394,0.77254903,0.10196078,0.0,0.2781982421875,3770,0.2301025390625,448\NonCracks\IMG_8759 resized_448.jpg,0
0.664165,0.07778864,0.3764706,0.9882353,0.654902,0.5764706,0.6117647,0.654902,0.7058824,0.7647059,0.09411764,0.0,0.2713623046875,3421,0.20880126953125,448\NonCracks\IMG_8760 resized_448.jpg,0
0.66179967,0.08293248,0.38039216,0.99215686,0.64705884,0.57254905,0.60784316,0.64705884,0.7058824,0.7764706,0.09803921,0.0,0.2642822265625,3960,0.24169921875,448\NonCracks\IMG_8761 resized_448.jpg,0
0.6512451,0.08068177,0.40784314,0.98039216,0.63529414,0.5647059,0.59607846,0.63529414,0.69411767,0.7607843,0.09803921,0.0,0.2296142578125,3564,0.217529296875,448\NonCracks\IMG_8762 resized_448.jpg,0
0.6795743,0.08013056,0.36862746,0.99215686,0.6666667,0.5882353,0.62352943,0.6666667,0.72156864,0.7882353,0.09803921,0.0,0.3389892578125,3568,0.2177734375,448\NonCracks\IMG_8763 resized_448.jpg,0
0.6842879,0.0712054,0.44705883,0.99215686,0.6745098,0.6039216,0.63529414,0.6745098,0.72156864,0.78039217,0.086274505,0.0,0.3575439453125,2836,0.173095703125,448\NonCracks\IMG_8764 resized_448.jpg,0
0.6687895,0.07071122,0.42352942,0.98039216,0.65882355,0.5921569,0.61960787,0.65882355,0.7058824,0.7647059,0.086274505,0.0,0.27099609375,2808,0.17138671875,448\NonCracks\IMG_8765 resized_448.jpg,0
0.67767096,0.07491024,0.41568628,0.9882353,0.6666667,0.59607846,0.627451,0.6666667,0.7176471,0.7764706,0.09019607,0.0,0.31439208984375,2475,0.15106201171875,448\NonCracks\IMG_8766 resized_448.jpg,0
0.6666679,0.07950646,0.41568628,0.9882353,0.6509804,0.58431375,0.6117647,0.6509804,0.7058824,0.7752941,0.09411764,0.0,0.27130126953125,3011,0.18377685546875,448\NonCracks\IMG_8767 resized_448.jpg,0
0.5236663,0.123633824,0.13333334,0.99607843,0.5058824,0.38431373,0.44313726,0.5058824,0.5882353,0.6901961,0.14509806,0.0185546875,0.09161376953125,5732,0.349853515625,448\NonCracks\IMG_8768 resized_448.jpg,0
0.51627874,0.11723206,0.16862746,0.99215686,0.49411765,0.3882353,0.43529412,0.49411765,0.5764706,0.6784314,0.14117649,0.00665283203125,0.08282470703125,5559,0.33929443359375,448\NonCracks\IMG_8769 resized_448.jpg,0
0.56003606,0.11020808,0.21960784,0.99607843,0.54509807,0.4392157,0.4862745,0.54509807,0.6156863,0.7058824,0.12941179,0.00201416015625,0.10662841796875,5529,0.33746337890625,448\NonCracks\IMG_8770 resized_448.jpg,0
0.5934348,0.10424734,0.26666668,0.99215686,0.5803922,0.4745098,0.52156866,0.5803922,0.6509804,0.7372549,0.12941176,0.00030517578125,0.1500244140625,5627,0.34344482421875,448\NonCracks\IMG_8771 resized_448.jpg,0
0.6200145,0.114535995,0.27450982,0.99607843,0.6117647,0.48235294,0.5372549,0.6117647,0.69411767,0.7764706,0.15686274,0.00018310546875,0.23419189453125,5447,0.33245849609375,448\NonCracks\IMG_8772 resized_448.jpg,0
0.6621089,0.10946091,0.3372549,0.99607843,0.6509804,0.5294118,0.58431375,0.6509804,0.7372549,0.8117647,0.15294117,0.0,0.34661865234375,5255,0.32073974609375,448\NonCracks\IMG_8773 resized_448.jpg,0
0.6582103,0.087092906,0.38039216,0.99215686,0.64705884,0.5568628,0.6,0.64705884,0.70980394,0.7764706,0.109803915,0.0,0.27850341796875,3940,0.240478515625,448\NonCracks\IMG_8774 resized_448.jpg,0
0.66971606,0.08219691,0.3764706,0.99215686,0.6627451,0.57254905,0.6156863,0.6627451,0.7176471,0.78039217,0.10196078,0.0,0.31158447265625,3508,0.214111328125,448\NonCracks\IMG_8775 resized_448.jpg,0
0.6650194,0.090857655,0.22745098,0.99607843,0.654902,0.5647059,0.6039216,0.654902,0.7176471,0.7882353,0.11372548,0.0003662109375,0.30511474609375,4370,0.2667236328125,448\NonCracks\IMG_8776 resized_448.jpg,0
0.65531266,0.082801715,0.25490198,0.9882353,0.654902,0.5568628,0.6039216,0.654902,0.7058824,0.7529412,0.10196078,0.00018310546875,0.26751708984375,3951,0.24114990234375,448\NonCracks\IMG_8777 resized_448.jpg,0
0.64749396,0.07934443,0.2901961,0.98039216,0.64705884,0.5529412,0.59901965,0.64705884,0.69411767,0.7411765,0.09509802,6.103515625e-05,0.22381591796875,3341,0.20391845703125,448\NonCracks\IMG_8778 resized_448.jpg,0
0.5079451,0.07550391,0.23137255,0.9764706,0.5058824,0.41960785,0.4627451,0.5058824,0.54509807,0.5921569,0.082352966,0.0023193359375,0.01947021484375,2946,0.1798095703125,448\NonCracks\IMG_8779 resized_448.jpg,0
0.6732669,0.080562375,0.34901962,0.9843137,0.67058825,0.5764706,0.61960787,0.67058825,0.72156864,0.77254903,0.10196078,0.0,0.34686279296875,3552,0.216796875,448\NonCracks\IMG_8781 resized_448.jpg,0
0.59491545,0.1321121,0.24313726,0.99607843,0.57843137,0.4364706,0.49411765,0.57843137,0.68235296,0.78039217,0.18823531,0.00213623046875,0.21728515625,5941,0.36260986328125,448\NonCracks\IMG_8784 resized_448.jpg,0
0.61451155,0.11401977,0.23921569,0.99215686,0.6039216,0.47843137,0.5372549,0.6039216,0.6862745,0.76862746,0.1490196,0.001220703125,0.2176513671875,5594,0.3414306640625,448\NonCracks\IMG_8785 resized_448.jpg,0
0.6115402,0.10957501,0.15294118,0.9882353,0.6039216,0.48235294,0.5411765,0.6039216,0.6784314,0.7529412,0.1372549,0.0037841796875,0.1990966796875,5490,0.3350830078125,448\NonCracks\IMG_8786 resized_448.jpg,0
0.62549263,0.07411756,0.31764707,0.96862745,0.62352943,0.53333336,0.5764706,0.62352943,0.6666667,0.7137255,0.09019607,0.0,0.1328125,3213,0.19610595703125,448\NonCracks\IMG_8787 resized_448.jpg,0
0.63076055,0.074210785,0.3764706,0.9882353,0.627451,0.5411765,0.5803922,0.627451,0.67058825,0.72156864,0.09019607,0.0,0.1490478515625,2964,0.180908203125,448\NonCracks\IMG_8788 resized_448.jpg,0
0.6560619,0.07656545,0.32941177,0.9843137,0.654902,0.5647059,0.6039216,0.654902,0.7019608,0.7490196,0.09803921,0.0,0.2576904296875,3316,0.202392578125,448\NonCracks\IMG_8789 resized_448.jpg,0
0.6780474,0.07379081,0.37254903,0.98039216,0.6784314,0.58431375,0.6313726,0.6784314,0.7254902,0.76862746,0.09411764,0.0,0.37811279296875,2459,0.15008544921875,448\NonCracks\IMG_8790 resized_448.jpg,0
0.6747453,0.073665716,0.35686275,0.98039216,0.6745098,0.58431375,0.627451,0.6745098,0.7176471,0.7647059,0.09019607,0.0,0.34002685546875,2173,0.13262939453125,448\NonCracks\IMG_8791 resized_448.jpg,0
0.657318,0.07380652,0.34901962,0.9764706,0.654902,0.5647059,0.6117647,0.654902,0.7019608,0.7490196,0.09019607,0.0,0.25640869140625,2404,0.146728515625,448\NonCracks\IMG_8792 resized_448.jpg,0
0.66600084,0.081542954,0.27450982,0.9882353,0.6666667,0.56078434,0.6156863,0.6666667,0.7147059,0.7647059,0.09901959,6.103515625e-05,0.3240966796875,2618,0.1597900390625,448\NonCracks\IMG_8793 resized_448.jpg,0
0.69484675,0.06125166,0.34117648,0.98039216,0.6901961,0.62352943,0.654902,0.6901961,0.7294118,0.76862746,0.0745098,0.0,0.4439697265625,1215,0.07415771484375,448\NonCracks\IMG_8794 resized_448.jpg,0
0.7091998,0.059835013,0.4,0.9764706,0.7058824,0.6392157,0.67058825,0.7058824,0.7411765,0.78039217,0.07058823,0.0,0.550048828125,1353,0.08258056640625,448\NonCracks\IMG_8795 resized_448.jpg,0
0.6658553,0.06388581,0.37254903,0.972549,0.65882355,0.5921569,0.62352943,0.65882355,0.7019608,0.74509805,0.07843137,0.0,0.25408935546875,1748,0.106689453125,448\NonCracks\IMG_8796 resized_448.jpg,0
0.66219723,0.07338529,0.34901962,0.972549,0.6627451,0.5686275,0.6117647,0.6627451,0.70980394,0.75686276,0.09803921,0.0,0.30078125,1714,0.1046142578125,448\NonCracks\IMG_8798 resized_448.jpg,0
0.6382415,0.07589732,0.3137255,0.96862745,0.63529414,0.54509807,0.5882353,0.63529414,0.6862745,0.73333335,0.09803921,0.0,0.19586181640625,2516,0.153564453125,448\NonCracks\IMG_8799 resized_448.jpg,0
0.6336234,0.07537638,0.30588236,0.98039216,0.6313726,0.5411765,0.58431375,0.6313726,0.68235296,0.7294118,0.09803921,0.0,0.1817626953125,2448,0.1494140625,448\NonCracks\IMG_8800 resized_448.jpg,0
0.6512408,0.06799494,0.39215687,0.95686275,0.64705884,0.57254905,0.6039216,0.64705884,0.69411767,0.7411765,0.09019607,0.0,0.22027587890625,1416,0.08642578125,448\NonCracks\IMG_8801 resized_448.jpg,0
0.6565758,0.07311593,0.35686275,0.96862745,0.654902,0.5686275,0.6117647,0.654902,0.7019608,0.7490196,0.09019607,0.0,0.25054931640625,2130,0.1300048828125,448\NonCracks\IMG_8802 resized_448.jpg,0
0.6457788,0.07441126,0.3137255,0.9882353,0.6431373,0.5568628,0.6,0.6431373,0.6901961,0.7372549,0.09019607,0.0,0.21466064453125,2598,0.1585693359375,448\NonCracks\IMG_8803 resized_448.jpg,0
0.6483916,0.0689867,0.35686275,0.9647059,0.6431373,0.5647059,0.6039216,0.6431373,0.6901961,0.7372549,0.086274505,0.0,0.20709228515625,1684,0.102783203125,448\NonCracks\IMG_8804 resized_448.jpg,0
0.6779951,0.06849476,0.39607844,0.9882353,0.6745098,0.5921569,0.63529414,0.6745098,0.72156864,0.7647059,0.086274505,0.0,0.35858154296875,1610,0.0982666015625,448\NonCracks\IMG_8805 resized_448.jpg,0
0.67413354,0.070032656,0.34901962,0.972549,0.6745098,0.5882353,0.627451,0.6745098,0.7176471,0.75686276,0.09019607,0.0,0.3519287109375,2109,0.12872314453125,448\NonCracks\IMG_8806 resized_448.jpg,0
0.6701211,0.07029709,0.40392157,0.98039216,0.6666667,0.58431375,0.62352943,0.6666667,0.7137255,0.75686276,0.09019607,0.0,0.32470703125,1700,0.103759765625,448\NonCracks\IMG_8807 resized_448.jpg,0
0.6666064,0.07637159,0.35686275,0.9607843,0.6666667,0.5686275,0.61960787,0.6666667,0.7176471,0.7607843,0.09803921,0.0,0.3328857421875,2260,0.137939453125,448\NonCracks\IMG_8808 resized_448.jpg,0
0.6519847,0.07359231,0.32941177,0.9529412,0.6509804,0.56078434,0.6039216,0.6509804,0.7019608,0.74509805,0.09803921,0.0,0.25628662109375,2047,0.12493896484375,448\NonCracks\IMG_8809 resized_448.jpg,0
0.6426904,0.0743307,0.3529412,0.9529412,0.6431373,0.54901963,0.5921569,0.6431373,0.6901961,0.73333335,0.09803921,0.0,0.21588134765625,2260,0.137939453125,448\NonCracks\IMG_8810 resized_448.jpg,0
0.64982814,0.074769385,0.3254902,0.9529412,0.64705884,0.5568628,0.6,0.64705884,0.69803923,0.74509805,0.09803921,0.0,0.241943359375,2215,0.13519287109375,448\NonCracks\IMG_8811 resized_448.jpg,0
0.6816119,0.07336563,0.40784314,0.98039216,0.68235296,0.5882353,0.6313726,0.68235296,0.7294118,0.77254903,0.09803921,0.0,0.39520263671875,1920,0.1171875,448\NonCracks\IMG_8812 resized_448.jpg,0
0.6760989,0.07307732,0.34901962,0.9764706,0.6784314,0.58431375,0.627451,0.6784314,0.7254902,0.76862746,0.09803921,0.0,0.3699951171875,2445,0.14923095703125,448\NonCracks\IMG_8813 resized_448.jpg,0
0.6798754,0.06968025,0.43137255,0.972549,0.6784314,0.5921569,0.6313726,0.6784314,0.7254902,0.76862746,0.09411764,0.0,0.37432861328125,1575,0.09613037109375,448\NonCracks\IMG_8814 resized_448.jpg,0
0.6295475,0.0733386,0.29411766,0.95686275,0.6313726,0.5372549,0.58431375,0.6313726,0.6745098,0.7176471,0.09019607,6.103515625e-05,0.1510009765625,3064,0.18701171875,448\NonCracks\IMG_8815 resized_448.jpg,0
0.6289029,0.07199187,0.3372549,0.972549,0.627451,0.5411765,0.58431375,0.627451,0.6745098,0.7176471,0.09019607,0.0,0.1434326171875,3248,0.1982421875,448\NonCracks\IMG_8816 resized_448.jpg,0
0.63157487,0.07241029,0.30980393,0.96862745,0.6313726,0.5411765,0.5882353,0.6313726,0.6745098,0.7176471,0.086274505,0.0,0.15411376953125,3208,0.19580078125,448\NonCracks\IMG_8817 resized_448.jpg,0
0.6828223,0.06454702,0.3882353,0.99215686,0.68235296,0.6039216,0.6431373,0.68235296,0.72156864,0.7607843,0.07843137,0.0,0.37725830078125,2340,0.142822265625,448\NonCracks\IMG_8818 resized_448.jpg,0
0.69414425,0.065526776,0.39215687,0.9882353,0.69411767,0.6156863,0.6509804,0.69411767,0.73333335,0.7764706,0.082352936,0.0,0.44940185546875,2168,0.13232421875,448\NonCracks\IMG_8819 resized_448.jpg,0
0.66668224,0.06939186,0.3529412,0.9843137,0.6627451,0.58431375,0.62352943,0.6627451,0.7058824,0.7490196,0.082352936,0.0,0.28955078125,2648,0.16162109375,448\NonCracks\IMG_8820 resized_448.jpg,0
0.66723776,0.06920913,0.37254903,0.9843137,0.6666667,0.58431375,0.62352943,0.6666667,0.70980394,0.7529412,0.086274505,0.0,0.2939453125,2677,0.16339111328125,448\NonCracks\IMG_8821 resized_448.jpg,0
0.67006385,0.06709052,0.3529412,0.99215686,0.6666667,0.5882353,0.627451,0.6666667,0.70980394,0.7529412,0.082352936,0.0,0.30169677734375,2301,0.14044189453125,448\NonCracks\IMG_8822 resized_448.jpg,0
0.6699487,0.06903893,0.3764706,0.9882353,0.6666667,0.5882353,0.627451,0.6666667,0.70980394,0.7529412,0.082352936,0.0,0.30364990234375,2280,0.13916015625,448\NonCracks\IMG_8823 resized_448.jpg,0
0.65495133,0.06855699,0.34509805,0.9647059,0.654902,0.57254905,0.6117647,0.654902,0.69411767,0.7411765,0.082352936,0.0,0.22821044921875,2225,0.13580322265625,448\NonCracks\IMG_8824 resized_448.jpg,0
0.647595,0.069261365,0.3529412,0.972549,0.64705884,0.5647059,0.6039216,0.64705884,0.6901961,0.73333335,0.086274505,0.0,0.2012939453125,2314,0.1412353515625,448\NonCracks\IMG_8825 resized_448.jpg,0
