mean_brightness,std_brightness,dark_pixel_ratio,bright_pixel_ratio,contrast,original_edge_density,improved_edge_density,label
0.47946656,0.12968923,0.07720947265625,0.055419921875,0.17647061,0.340576171875,0.36676025390625,1
0.5159419,0.09993014,0.02313232421875,0.029296875,0.12549022,0.27947998046875,0.36102294921875,1
0.47480926,0.122080356,0.070556640625,0.04718017578125,0.13333336,0.26263427734375,0.34759521484375,1
0.51101625,0.106990896,0.02764892578125,0.03271484375,0.14509806,0.33612060546875,0.3709716796875,1
0.5136992,0.10839045,0.02886962890625,0.03643798828125,0.13725492,0.3184814453125,0.36126708984375,1
0.53349376,0.111130536,0.029541015625,0.04620361328125,0.13333336,0.3052978515625,0.36151123046875,1
0.5079571,0.095586985,0.022705078125,0.0155029296875,0.11764708,0.26727294921875,0.35980224609375,1
0.48354828,0.09410062,0.0350341796875,0.0106201171875,0.109803945,0.2584228515625,0.3526611328125,1
0.49028417,0.08729374,0.02593994140625,0.008056640625,0.10196081,0.22222900390625,0.34661865234375,1
0.5054252,0.12053828,0.056884765625,0.039306640625,0.1529412,0.2933349609375,0.36328125,1
0.49060348,0.105078906,0.04278564453125,0.02239990234375,0.12549022,0.26995849609375,0.35748291015625,1
0.49128586,0.09762065,0.03460693359375,0.017333984375,0.11372551,0.22259521484375,0.34979248046875,1
0.49613303,0.096850544,0.0301513671875,0.0130615234375,0.12549022,0.2738037109375,0.35791015625,1
0.4815528,0.10764746,0.04779052734375,0.02203369140625,0.12941179,0.28472900390625,0.3553466796875,1
0.47162563,0.09131402,0.021728515625,0.0125732421875,0.11372551,0.15386962890625,0.32196044921875,1
0.5068867,0.107483305,0.03375244140625,0.0263671875,0.14117649,0.3316650390625,0.3668212890625,1
0.51028144,0.114902444,0.04705810546875,0.03350830078125,0.14509806,0.3232421875,0.36236572265625,1
0.48395354,0.09944346,0.0286865234375,0.02386474609375,0.11372551,0.2200927734375,0.33953857421875,1
0.49467725,0.0983079,0.02703857421875,0.01806640625,0.12156865,0.2784423828125,0.35809326171875,1
0.48934567,0.09608809,0.02642822265625,0.01654052734375,0.12156865,0.22882080078125,0.34771728515625,1
0.5020917,0.095398605,0.02301025390625,0.01409912109375,0.12549022,0.2459716796875,0.343994140625,1
0.50776845,0.08278973,0.0166015625,0.0069580078125,0.09803924,0.204345703125,0.34332275390625,1
0.5131985,0.07462076,0.01177978515625,0.00421142578125,0.086274534,0.111328125,0.30865478515625,1
0.49234024,0.08411396,0.017822265625,0.01165771484375,0.09411767,0.1080322265625,0.3033447265625,1
0.49531347,0.07259743,0.00604248046875,0.0062255859375,0.086274534,0.16302490234375,0.33087158203125,1
0.45179972,0.07773426,0.0233154296875,0.00433349609375,0.09411764,0.184814453125,0.32623291015625,1
0.443166,0.07348576,0.02618408203125,0.00244140625,0.086274505,0.15032958984375,0.3275146484375,1
0.4558673,0.07973464,0.026611328125,0.0037841796875,0.10196081,0.21258544921875,0.34228515625,1
0.45571935,0.08245221,0.02813720703125,0.009521484375,0.0901961,0.16424560546875,0.3194580078125,1
0.4379507,0.07839177,0.0352783203125,0.00506591796875,0.09019607,0.17236328125,0.32281494140625,1
0.46310246,0.08670985,0.03106689453125,0.00946044921875,0.10196081,0.23175048828125,0.3447265625,1
0.46774977,0.10479081,0.05743408203125,0.01531982421875,0.13333336,0.3226318359375,0.37493896484375,1
0.47002125,0.108540684,0.06396484375,0.0125732421875,0.14901963,0.34112548828125,0.37396240234375,1
0.46984816,0.094841324,0.0396728515625,0.00946044921875,0.11764708,0.25567626953125,0.34906005859375,1
0.48649952,0.098745406,0.0333251953125,0.01458740234375,0.12941179,0.2757568359375,0.35809326171875,1
0.43288383,0.15414041,0.2330322265625,0.0411376953125,0.2392157,0.37591552734375,0.38018798828125,1
0.4611886,0.10225935,0.054443359375,0.01458740234375,0.12549022,0.29461669921875,0.366943359375,1
0.49027795,0.121833585,0.05999755859375,0.03692626953125,0.15686277,0.31536865234375,0.37445068359375,1
0.5203362,0.13112448,0.0706787109375,0.0535888671875,0.14901963,0.2667236328125,0.349853515625,1
0.49645305,0.12109021,0.06304931640625,0.03363037109375,0.1529412,0.24920654296875,0.3475341796875,1
0.48145396,0.1426115,0.10687255859375,0.0501708984375,0.18431374,0.32904052734375,0.3643798828125,1
0.44435847,0.11203823,0.08758544921875,0.01715087890625,0.13333336,0.28277587890625,0.35015869140625,1
0.46080685,0.11994638,0.0806884765625,0.0269775390625,0.15686277,0.33795166015625,0.3724365234375,1
0.44944924,0.11954412,0.0858154296875,0.03179931640625,0.14901963,0.33673095703125,0.37237548828125,1
0.49444413,0.13346812,0.0758056640625,0.0535888671875,0.16862747,0.34722900390625,0.374755859375,1
0.46535024,0.13490507,0.09600830078125,0.04486083984375,0.17254904,0.32293701171875,0.37066650390625,1
0.48131585,0.11670337,0.0487060546875,0.03759765625,0.14901963,0.3087158203125,0.36279296875,1
0.49458778,0.14057519,0.07904052734375,0.07379150390625,0.18823531,0.35272216796875,0.37274169921875,1
0.48998904,0.13214731,0.0709228515625,0.05645751953125,0.17254904,0.348388671875,0.370849609375,1
0.53603613,0.12691316,0.0364990234375,0.0858154296875,0.14901963,0.3453369140625,0.37213134765625,1
0.51723444,0.12427969,0.039306640625,0.06890869140625,0.14901963,0.3468017578125,0.37286376953125,1
0.5116615,0.11420974,0.03570556640625,0.05084228515625,0.12549022,0.32196044921875,0.3699951171875,1
0.53620243,0.120460995,0.0323486328125,0.08660888671875,0.13725492,0.3377685546875,0.3753662109375,1
0.5100232,0.119351715,0.041259765625,0.06103515625,0.13333336,0.340087890625,0.373291015625,1
0.5021949,0.1152547,0.03814697265625,0.0535888671875,0.12941179,0.34368896484375,0.37322998046875,1
0.5108772,0.11967976,0.0419921875,0.061279296875,0.13333336,0.3309326171875,0.36444091796875,1
0.51399,0.14464232,0.0595703125,0.105224609375,0.17647061,0.3763427734375,0.3848876953125,1
0.5081868,0.14983673,0.07318115234375,0.106689453125,0.19215688,0.37396240234375,0.3814697265625,1
0.52661943,0.12728181,0.042724609375,0.087158203125,0.1529412,0.360595703125,0.3763427734375,1
0.52467906,0.11476338,0.03118896484375,0.06396484375,0.14117649,0.35382080078125,0.37994384765625,1
0.52106553,0.13577862,0.05108642578125,0.09478759765625,0.17254904,0.3680419921875,0.3812255859375,1
0.5169405,0.14139271,0.068115234375,0.09710693359375,0.18039218,0.36395263671875,0.37835693359375,1
0.4927354,0.11732916,0.03802490234375,0.05413818359375,0.13725492,0.3421630859375,0.373291015625,1
0.49479812,0.111188,0.02703857421875,0.04986572265625,0.13333336,0.3497314453125,0.378662109375,1
0.5199034,0.13715453,0.0533447265625,0.09649658203125,0.17254904,0.37371826171875,0.38018798828125,1
0.543318,0.13134837,0.03662109375,0.10791015625,0.16078433,0.3653564453125,0.3797607421875,1
0.536141,0.13747105,0.0469970703125,0.1107177734375,0.16862747,0.373779296875,0.3841552734375,1
0.5515388,0.15018587,0.04949951171875,0.1490478515625,0.17647061,0.37701416015625,0.38433837890625,1
0.50486875,0.12721868,0.04461669921875,0.07403564453125,0.14901963,0.36126708984375,0.37530517578125,1
0.5441816,0.14058937,0.0423583984375,0.1285400390625,0.1647059,0.37109375,0.38092041015625,1
0.54674286,0.13593706,0.0445556640625,0.1190185546875,0.1529412,0.35650634765625,0.3746337890625,1
0.5519898,0.1357673,0.0364990234375,0.13018798828125,0.1529412,0.36328125,0.3785400390625,1
0.5317218,0.14741528,0.0633544921875,0.12335205078125,0.17647061,0.3768310546875,0.38616943359375,1
0.5568395,0.15757243,0.0604248046875,0.16558837890625,0.18431374,0.37646484375,0.38494873046875,1
0.54316646,0.1330306,0.04901123046875,0.1038818359375,0.15686277,0.36444091796875,0.38031005859375,1
0.5513071,0.13833608,0.05157470703125,0.120849609375,0.16078433,0.36322021484375,0.3809814453125,1
0.54813784,0.13822374,0.05157470703125,0.11492919921875,0.16078433,0.35699462890625,0.37762451171875,1
0.5630826,0.13700294,0.037109375,0.1363525390625,0.14117649,0.35455322265625,0.38043212890625,1
0.55145407,0.14907357,0.05999755859375,0.13702392578125,0.1529412,0.35205078125,0.37744140625,1
0.5169999,0.12359213,0.03515625,0.07391357421875,0.13725492,0.34515380859375,0.37176513671875,1
0.4850225,0.12795393,0.0506591796875,0.0655517578125,0.1529412,0.35833740234375,0.37469482421875,1
0.48252863,0.124312595,0.04425048828125,0.058349609375,0.14901963,0.359375,0.377685546875,1
0.57177305,0.14065321,0.03826904296875,0.15777587890625,0.1490196,0.34893798828125,0.37091064453125,1
0.5348841,0.12412718,0.03131103515625,0.0955810546875,0.13725492,0.35638427734375,0.37725830078125,1
0.53630376,0.12611711,0.03839111328125,0.09759521484375,0.14509806,0.34674072265625,0.37200927734375,1
0.5115888,0.128658,0.048095703125,0.08367919921875,0.15686277,0.3533935546875,0.37396240234375,1
0.5270142,0.13256909,0.0428466796875,0.10430908203125,0.1529412,0.364013671875,0.37823486328125,1
0.48491764,0.1353563,0.0699462890625,0.0694580078125,0.16862747,0.37060546875,0.37982177734375,1
0.47319147,0.120725475,0.0455322265625,0.053955078125,0.14117649,0.35894775390625,0.37603759765625,1
0.5100627,0.1377379,0.05328369140625,0.09234619140625,0.18039218,0.3714599609375,0.38330078125,1
0.47808,0.11394545,0.02972412109375,0.047607421875,0.13333336,0.34375,0.3685302734375,1
0.52979857,0.1590596,0.076416015625,0.130126953125,0.19607845,0.3841552734375,0.3907470703125,1
0.5113442,0.19111027,0.13580322265625,0.1646728515625,0.2509804,0.38372802734375,0.388916015625,1
0.55515707,0.15703335,0.06024169921875,0.167236328125,0.18823531,0.377197265625,0.38690185546875,1
0.5630044,0.14885773,0.0531005859375,0.15277099609375,0.1647059,0.363037109375,0.37835693359375,1
0.5661923,0.15902585,0.0635986328125,0.17767333984375,0.18039218,0.3651123046875,0.3798828125,1
0.51714945,0.12338143,0.03125,0.07220458984375,0.16862747,0.3564453125,0.37567138671875,1
0.518919,0.10430335,0.01385498046875,0.04266357421875,0.14117649,0.34576416015625,0.37548828125,1
0.5079961,0.11523203,0.03497314453125,0.04412841796875,0.1647059,0.361083984375,0.3775634765625,1
0.5262167,0.115713164,0.03118896484375,0.0546875,0.1647059,0.34991455078125,0.3740234375,1
0.5262167,0.115713164,0.03118896484375,0.0546875,0.1647059,0.34991455078125,0.3740234375,1
0.6760676,0.094323516,0.0,0.40728759765625,0.1372549,0.31719970703125,0.3656005859375,1
0.5004756,0.07633406,0.0013427734375,0.0067138671875,0.10588238,0.26776123046875,0.3603515625,1
0.5028134,0.07314382,0.00042724609375,0.00848388671875,0.09803924,0.20611572265625,0.3465576171875,1
0.5062732,0.08784205,0.0047607421875,0.0150146484375,0.12156865,0.32110595703125,0.37469482421875,1
0.5852699,0.13137707,0.0042724609375,0.1998291015625,0.18431374,0.357421875,0.37469482421875,1
0.5931832,0.13875757,0.00714111328125,0.239013671875,0.20392159,0.3626708984375,0.37530517578125,1
0.60668635,0.12785979,0.0015869140625,0.2470703125,0.18431371,0.3458251953125,0.370361328125,1
0.5996401,0.14476286,0.01080322265625,0.263671875,0.21176472,0.3699951171875,0.3775634765625,1
0.5849918,0.13447617,0.0068359375,0.20697021484375,0.18823531,0.36328125,0.37799072265625,1
0.53676,0.17811622,0.10467529296875,0.20623779296875,0.26666668,0.36297607421875,0.3697509765625,1
0.53849167,0.1706531,0.086181640625,0.196533203125,0.25490198,0.358154296875,0.37042236328125,1
0.51106656,0.18706632,0.1519775390625,0.17974853515625,0.28627452,0.374267578125,0.37847900390625,1
0.52281356,0.06323438,0.00054931640625,0.0045166015625,0.082352966,0.09893798828125,0.27679443359375,1
0.71769017,0.06410483,0.0,0.627685546875,0.082352936,0.11590576171875,0.3016357421875,1
0.6747111,0.11151205,0.0008544921875,0.41357421875,0.14509803,0.32366943359375,0.360595703125,1
0.6599052,0.11476709,0.00103759765625,0.3828125,0.15686274,0.35302734375,0.37347412109375,1
0.48356646,0.22103673,0.2686767578125,0.2047119140625,0.38431373,0.3731689453125,0.37408447265625,1
0.50354415,0.21805163,0.2386474609375,0.22369384765625,0.36862746,0.36920166015625,0.3701171875,1
0.5141877,0.21128412,0.20086669921875,0.22174072265625,0.33333334,0.36920166015625,0.37054443359375,1
0.584022,0.1756536,0.06427001953125,0.29290771484375,0.27058825,0.35357666015625,0.3695068359375,1
0.5731687,0.16644101,0.06365966796875,0.244384765625,0.24313727,0.370849609375,0.37469482421875,1
0.59180117,0.16459672,0.05072021484375,0.27960205078125,0.2392157,0.369873046875,0.3756103515625,1
0.5794077,0.16614456,0.05670166015625,0.25274658203125,0.24313727,0.3641357421875,0.36859130859375,1
0.566566,0.1742397,0.0750732421875,0.24298095703125,0.25490198,0.36669921875,0.37060546875,1
0.5524776,0.16995464,0.07757568359375,0.21026611328125,0.24705884,0.358642578125,0.3670654296875,1
0.54758495,0.18738805,0.11822509765625,0.236328125,0.2784314,0.3668212890625,0.36968994140625,1
0.57177496,0.17392434,0.07098388671875,0.2557373046875,0.25882354,0.36163330078125,0.36566162109375,1
0.57048655,0.18375853,0.09576416015625,0.27203369140625,0.2784314,0.3677978515625,0.370849609375,1
0.50353,0.19796859,0.1837158203125,0.17657470703125,0.29803923,0.379150390625,0.3802490234375,1
0.56164885,0.1870119,0.104736328125,0.2611083984375,0.2784314,0.37884521484375,0.38140869140625,1
0.52639663,0.19070923,0.14837646484375,0.20013427734375,0.28627452,0.37835693359375,0.3804931640625,1
0.6030132,0.1671218,0.049072265625,0.31231689453125,0.24313727,0.37860107421875,0.3824462890625,1
0.5885656,0.1730622,0.06768798828125,0.28790283203125,0.25490198,0.37457275390625,0.37799072265625,1
0.6058841,0.17151217,0.04205322265625,0.329833984375,0.2627451,0.3685302734375,0.375244140625,1
0.57304376,0.17545804,0.06719970703125,0.26910400390625,0.27450982,0.36376953125,0.3770751953125,1
0.48956037,0.17471385,0.1160888671875,0.15301513671875,0.25490198,0.32269287109375,0.36322021484375,1
0.6055688,0.15562,0.0277099609375,0.3143310546875,0.2392157,0.3865966796875,0.3919677734375,1
0.5958214,0.16126151,0.04095458984375,0.2943115234375,0.24313727,0.376708984375,0.380859375,1
0.60647184,0.16276102,0.03265380859375,0.32305908203125,0.24705884,0.37713623046875,0.3812255859375,1
0.5143567,0.08804718,0.0081787109375,0.017822265625,0.12156865,0.2811279296875,0.36151123046875,1
0.6694185,0.10633159,0.00140380859375,0.40203857421875,0.1490196,0.33477783203125,0.36627197265625,1
0.67755437,0.09777834,0.0003662109375,0.42254638671875,0.1372549,0.29180908203125,0.3587646484375,1
0.6797533,0.1081791,0.0013427734375,0.44915771484375,0.15294117,0.33111572265625,0.36358642578125,1
0.66949224,0.104403734,0.001220703125,0.40093994140625,0.14509803,0.3262939453125,0.3624267578125,1
0.6778165,0.09924196,0.00067138671875,0.431884765625,0.1372549,0.31414794921875,0.3668212890625,1
0.6446593,0.15194903,0.01409912109375,0.4207763671875,0.20392156,0.33001708984375,0.362548828125,1
0.66281575,0.078590795,0.00018310546875,0.33404541015625,0.109803915,0.25927734375,0.35699462890625,1
0.6684317,0.10555835,0.00048828125,0.40985107421875,0.1490196,0.34539794921875,0.37255859375,1
0.67280704,0.10590927,0.00048828125,0.42486572265625,0.15294117,0.33984375,0.36822509765625,1
0.6694032,0.10824308,0.00091552734375,0.41522216796875,0.15294117,0.3514404296875,0.3743896484375,1
0.6656947,0.11408109,0.00140380859375,0.4041748046875,0.16470587,0.36077880859375,0.3765869140625,1
0.52895415,0.07409829,0.00189208984375,0.01373291015625,0.09411767,0.2193603515625,0.349365234375,1
0.6959264,0.09456596,6.103515625e-05,0.5047607421875,0.12549019,0.3287353515625,0.3775634765625,1
0.6936854,0.097144514,0.0001220703125,0.49761962890625,0.12941176,0.33782958984375,0.37554931640625,1
0.7080538,0.084730804,6.103515625e-05,0.55950927734375,0.109803915,0.2822265625,0.35906982421875,1
0.7434417,0.07428963,0.0,0.74615478515625,0.09411764,0.24493408203125,0.3544921875,1
0.7104581,0.0920508,6.103515625e-05,0.56927490234375,0.11764705,0.31805419921875,0.37017822265625,1
0.73547816,0.08113485,0.0,0.68988037109375,0.10588235,0.2691650390625,0.3546142578125,1
0.71313024,0.09062001,0.0,0.57757568359375,0.12156862,0.32672119140625,0.37530517578125,1
0.7089296,0.09769725,6.103515625e-05,0.566162109375,0.13333333,0.3487548828125,0.38140869140625,1
0.71314675,0.10050972,0.0,0.57659912109375,0.1372549,0.35125732421875,0.37738037109375,1
0.71977925,0.09868683,0.0,0.6005859375,0.13333333,0.34527587890625,0.3736572265625,1
0.6890553,0.09462229,6.103515625e-05,0.47357177734375,0.12941176,0.34381103515625,0.37994384765625,1
0.67482287,0.10158347,6.103515625e-05,0.4189453125,0.1372549,0.3543701171875,0.3817138671875,1
0.71871746,0.08941503,0.0,0.59954833984375,0.12156862,0.3297119140625,0.3739013671875,1
0.6738229,0.09831926,0.000244140625,0.4072265625,0.13333333,0.33624267578125,0.373779296875,1
0.6961457,0.09403179,0.0001220703125,0.497802734375,0.12549019,0.31890869140625,0.37115478515625,1
0.72657377,0.07659881,0.0,0.66058349609375,0.10196078,0.22314453125,0.35113525390625,1
0.71155506,0.094058,0.0,0.57525634765625,0.12549019,0.3311767578125,0.36993408203125,1
0.51999944,0.07692189,0.00299072265625,0.02349853515625,0.08333334,0.18487548828125,0.32647705078125,1
0.68845505,0.08342372,0.0001220703125,0.40557861328125,0.10196078,0.2515869140625,0.35662841796875,1
0.6686564,0.086847104,0.0,0.3157958984375,0.10588235,0.26617431640625,0.35699462890625,1
0.68554235,0.0991834,0.0003662109375,0.418212890625,0.12156862,0.3016357421875,0.363037109375,1
0.6628871,0.107919075,0.00103759765625,0.3369140625,0.13333333,0.32904052734375,0.3695068359375,1
0.6631008,0.09871229,0.0018310546875,0.33941650390625,0.12549019,0.32574462890625,0.36712646484375,1
0.66886276,0.10207734,0.00244140625,0.3677978515625,0.12941176,0.3240966796875,0.365966796875,1
0.6558395,0.116242774,0.0040283203125,0.34393310546875,0.15294117,0.3526611328125,0.37213134765625,1
0.671824,0.11916769,0.00360107421875,0.4027099609375,0.15686274,0.35443115234375,0.374267578125,1
0.65715766,0.11818656,0.005126953125,0.3499755859375,0.1490196,0.35333251953125,0.3787841796875,1
0.63605237,0.13858815,0.01556396484375,0.32427978515625,0.17647058,0.36749267578125,0.3802490234375,1
0.6130455,0.15115036,0.035400390625,0.28619384765625,0.18823528,0.37078857421875,0.380126953125,1
0.6745589,0.1348828,0.01385498046875,0.4454345703125,0.16470587,0.35845947265625,0.379638671875,1
0.48591596,0.11573715,0.0238037109375,0.06414794921875,0.12549022,0.31707763671875,0.358154296875,1
0.7121125,0.11780513,0.0,0.49493408203125,0.15686274,0.34100341796875,0.36517333984375,1
0.6478803,0.11682714,0.00067138671875,0.280517578125,0.14509803,0.33416748046875,0.36309814453125,1
0.6825583,0.111695156,0.0,0.38507080078125,0.14117646,0.3211669921875,0.3558349609375,1
0.62335855,0.126885,0.00250244140625,0.242431640625,0.15686274,0.3450927734375,0.36492919921875,1
0.6380907,0.12744482,0.0111083984375,0.29022216796875,0.1607843,0.350830078125,0.3680419921875,1
0.63072175,0.12706655,0.0084228515625,0.27166748046875,0.1607843,0.33935546875,0.3616943359375,1
0.65082604,0.13189116,0.00897216796875,0.33087158203125,0.16862744,0.3477783203125,0.37109375,1
0.6733825,0.12964986,0.00634765625,0.39093017578125,0.16862744,0.3453369140625,0.365478515625,1
0.6782851,0.12649481,0.0037841796875,0.40802001953125,0.16470587,0.34759521484375,0.36981201171875,1
0.6493255,0.122113645,0.004150390625,0.30804443359375,0.15294117,0.3424072265625,0.36968994140625,1
0.6368569,0.13032667,0.0084228515625,0.29339599609375,0.16862744,0.34527587890625,0.36419677734375,1
0.6751379,0.09859915,0.0048828125,0.369873046875,0.11372548,0.294189453125,0.36077880859375,1
0.60738194,0.12407953,0.01300048828125,0.21343994140625,0.1490196,0.344482421875,0.36871337890625,1
0.6726836,0.12426993,0.01214599609375,0.40460205078125,0.14509803,0.3370361328125,0.36553955078125,1
0.6421217,0.12657212,0.012939453125,0.29852294921875,0.14117646,0.34033203125,0.3685302734375,1
0.67041045,0.121840574,0.0087890625,0.395263671875,0.1372549,0.325927734375,0.3626708984375,1
0.61631083,0.0633252,0.0,0.090576171875,0.086274505,0.0906982421875,0.3074951171875,0
0.61836493,0.0675033,0.0,0.0997314453125,0.086274505,0.0745849609375,0.28912353515625,0
0.62640023,0.061372556,0.0,0.11395263671875,0.082352936,0.08306884765625,0.30767822265625,0
0.6273483,0.059955966,0.0,0.1097412109375,0.07843137,0.0728759765625,0.2930908203125,0
0.6510644,0.07828416,0.0,0.22021484375,0.09411764,0.0684814453125,0.274658203125,0
0.6555513,0.076029666,0.0,0.24169921875,0.09411764,0.0716552734375,0.30401611328125,0
0.6252178,0.06548586,0.0,0.11224365234375,0.082352936,0.0557861328125,0.25128173828125,0
0.62398106,0.06927459,0.000244140625,0.11187744140625,0.082352936,0.03875732421875,0.2435302734375,0
0.6028215,0.060464192,0.0,0.048583984375,0.082352936,0.0533447265625,0.278564453125,0
0.59931284,0.062384687,0.0,0.0498046875,0.086274505,0.07159423828125,0.3055419921875,0
0.6001056,0.06120286,0.0,0.04681396484375,0.086274505,0.0816650390625,0.30377197265625,0
0.6032179,0.060060542,0.0,0.05078125,0.07843137,0.07183837890625,0.27496337890625,0
0.6088774,0.06616225,0.0,0.0767822265625,0.082352936,0.0751953125,0.27490234375,0
0.60836303,0.064295806,0.0,0.076171875,0.086274505,0.07818603515625,0.29168701171875,0
0.5982161,0.06369034,0.0,0.052001953125,0.082352936,0.08111572265625,0.3001708984375,0
0.5882997,0.062438175,6.103515625e-05,0.03179931640625,0.086274505,0.07293701171875,0.30078125,0
0.57964206,0.064306855,6.103515625e-05,0.02752685546875,0.086274505,0.089111328125,0.30645751953125,0
0.58135676,0.06380205,6.103515625e-05,0.03118896484375,0.086274505,0.084716796875,0.3035888671875,0
0.5918838,0.06457555,6.103515625e-05,0.04669189453125,0.086274505,0.0889892578125,0.29913330078125,0
0.5886767,0.06304144,6.103515625e-05,0.03619384765625,0.086274505,0.092041015625,0.30255126953125,0
0.59486616,0.06253846,0.0,0.04278564453125,0.086274505,0.0772705078125,0.28948974609375,0
0.602844,0.061309922,0.0,0.05511474609375,0.082352936,0.066162109375,0.2799072265625,0
0.60927975,0.06312148,0.0,0.0738525390625,0.086274505,0.07098388671875,0.279296875,0
0.61397016,0.062462986,0.0,0.082275390625,0.09019607,0.05950927734375,0.28192138671875,0
0.6097132,0.06087075,0.0,0.06842041015625,0.082352936,0.07135009765625,0.28564453125,0
0.612568,0.062609136,6.103515625e-05,0.07733154296875,0.086274505,0.06781005859375,0.27642822265625,0
0.61557907,0.065396,6.103515625e-05,0.09051513671875,0.09019607,0.06842041015625,0.29315185546875,0
0.62151384,0.06724679,6.103515625e-05,0.11688232421875,0.09019607,0.0975341796875,0.290771484375,0
0.6550739,0.09399949,0.0,0.21807861328125,0.09411764,0.089111328125,0.2919921875,0
0.622285,0.060547765,0.0,0.09881591796875,0.082352936,0.06964111328125,0.28338623046875,0
0.63863266,0.07161468,0.0,0.1697998046875,0.09019607,0.05377197265625,0.254638671875,0
0.6281279,0.06264903,0.0,0.123291015625,0.086274505,0.052490234375,0.27545166015625,0
0.6517485,0.09198548,0.0,0.2412109375,0.109803915,0.07525634765625,0.286865234375,0
0.6507696,0.09401553,0.0,0.22076416015625,0.10196078,0.0882568359375,0.30303955078125,0
0.6310624,0.07920001,0.0,0.156005859375,0.09411764,0.07843017578125,0.3026123046875,0
0.6239935,0.071787,0.0,0.12957763671875,0.09019607,0.081298828125,0.29437255859375,0
0.6167109,0.0661504,6.103515625e-05,0.09637451171875,0.086274505,0.08697509765625,0.30010986328125,0
0.61557525,0.06739932,0.0,0.1014404296875,0.09019607,0.0732421875,0.29864501953125,0
0.61900824,0.07329474,0.0,0.11627197265625,0.09411764,0.08990478515625,0.3212890625,0
0.6383351,0.10389212,0.0,0.1873779296875,0.10588235,0.0963134765625,0.29949951171875,0
0.6107774,0.06563819,0.0,0.08172607421875,0.09019607,0.0960693359375,0.30792236328125,0
0.6165903,0.06530354,0.0,0.096435546875,0.086274505,0.07379150390625,0.30035400390625,0
0.61395675,0.06681693,0.0,0.09014892578125,0.086274505,0.0986328125,0.31500244140625,0
0.652225,0.10544681,0.0,0.22222900390625,0.10588235,0.0855712890625,0.28619384765625,0
0.6179011,0.06497639,0.0,0.09844970703125,0.09019607,0.08929443359375,0.3055419921875,0
0.6210047,0.0711996,0.0,0.13031005859375,0.09411764,0.09814453125,0.31878662109375,0
0.61983454,0.060792744,0.0,0.086669921875,0.07843137,0.08221435546875,0.30487060546875,0
0.62357396,0.06841144,0.0,0.13092041015625,0.09019607,0.08880615234375,0.31988525390625,0
0.62836075,0.06939101,0.0,0.13238525390625,0.086274505,0.075439453125,0.30181884765625,0
0.62683415,0.06529344,0.0,0.1199951171875,0.082352936,0.083251953125,0.31658935546875,0
0.6239294,0.06642413,0.0,0.11578369140625,0.086274505,0.083251953125,0.30438232421875,0
0.5999321,0.12263515,0.014404296875,0.20916748046875,0.16470587,0.3472900390625,0.3687744140625,0
0.6353451,0.12458267,0.01007080078125,0.325927734375,0.16862744,0.34259033203125,0.37249755859375,0
0.59004605,0.1320638,0.02166748046875,0.20257568359375,0.17647058,0.35809326171875,0.3729248046875,0
0.63880765,0.12578717,0.0067138671875,0.34747314453125,0.17254901,0.309814453125,0.3670654296875,0
0.62207866,0.12370911,0.009033203125,0.290283203125,0.17254901,0.319580078125,0.37420654296875,0
0.6325816,0.113170736,0.00396728515625,0.294677734375,0.15686274,0.30841064453125,0.36639404296875,0
0.6085543,0.10749625,0.0040283203125,0.19085693359375,0.1372549,0.2935791015625,0.3599853515625,0
0.6166719,0.104136646,0.0037841796875,0.2025146484375,0.13333333,0.2742919921875,0.3583984375,0
0.64939994,0.09578674,0.0010986328125,0.313720703125,0.12647057,0.28631591796875,0.3577880859375,0
0.6458166,0.1132328,0.00457763671875,0.33062744140625,0.14509803,0.3428955078125,0.37384033203125,0
0.6482451,0.092357725,0.0008544921875,0.28753662109375,0.11764705,0.28369140625,0.36181640625,0
0.64847654,0.09087996,0.00128173828125,0.29388427734375,0.11372548,0.282470703125,0.36053466796875,0
0.6465677,0.10271464,0.00323486328125,0.3211669921875,0.12941176,0.32257080078125,0.37451171875,0
0.63810444,0.1243727,0.00848388671875,0.34515380859375,0.16862744,0.3443603515625,0.37017822265625,0
0.6113806,0.10503842,0.00579833984375,0.18267822265625,0.12941176,0.32427978515625,0.37188720703125,0
0.6584564,0.10289493,0.00115966796875,0.35400390625,0.14117646,0.2977294921875,0.3685302734375,0
0.65900576,0.11005676,0.00048828125,0.37310791015625,0.15686274,0.2880859375,0.36798095703125,0
0.6727606,0.10844574,0.00091552734375,0.424072265625,0.15294117,0.27728271484375,0.36126708984375,0
0.59509975,0.13415149,0.01702880859375,0.236328125,0.19215685,0.35662841796875,0.3726806640625,0
0.6096072,0.10493581,0.00384521484375,0.18109130859375,0.13333333,0.3209228515625,0.3740234375,0
0.60417217,0.11380376,0.00787353515625,0.1961669921875,0.1490196,0.335693359375,0.369140625,0
0.5951139,0.11812197,0.01300048828125,0.18145751953125,0.1490196,0.28485107421875,0.3677978515625,0
0.6297983,0.10682949,0.00323486328125,0.25531005859375,0.14117646,0.28350830078125,0.36053466796875,0
0.6764469,0.083520256,0.00018310546875,0.40093994140625,0.109803915,0.23980712890625,0.35272216796875,0
0.65149647,0.08390953,6.103515625e-05,0.27764892578125,0.109803915,0.2347412109375,0.3450927734375,0
0.64402723,0.08266559,0.0,0.2437744140625,0.109803915,0.19677734375,0.34130859375,0
0.57491577,0.1210791,0.02435302734375,0.1265869140625,0.1490196,0.314453125,0.368408203125,0
0.5903883,0.10630963,0.0035400390625,0.13775634765625,0.13333333,0.3277587890625,0.36602783203125,0
0.57211864,0.12223983,0.01318359375,0.15155029296875,0.17647061,0.34222412109375,0.36199951171875,0
0.6045525,0.12574528,0.0064697265625,0.239501953125,0.18039215,0.34649658203125,0.3636474609375,0
0.5854301,0.13932088,0.020751953125,0.22369384765625,0.20392159,0.3590087890625,0.36614990234375,0
0.51503474,0.15123306,0.08837890625,0.11572265625,0.21960786,0.3685302734375,0.373046875,0
0.5866355,0.13373332,0.0164794921875,0.2105712890625,0.18823531,0.35064697265625,0.36212158203125,0
0.5692515,0.13572276,0.02764892578125,0.17620849609375,0.19215688,0.352783203125,0.36346435546875,0
0.5637087,0.1376307,0.03192138671875,0.16455078125,0.19607845,0.35247802734375,0.3634033203125,0
0.5469068,0.14611499,0.0517578125,0.1580810546875,0.21568629,0.3558349609375,0.36358642578125,0
0.53208685,0.1485349,0.06964111328125,0.1380615234375,0.21960786,0.35302734375,0.362060546875,0
0.5429369,0.14416127,0.05377197265625,0.140380859375,0.20784315,0.357421875,0.36614990234375,0
0.55271256,0.14507145,0.04522705078125,0.1651611328125,0.21176472,0.35528564453125,0.3621826171875,0
0.5759048,0.14565909,0.0330810546875,0.213623046875,0.21176472,0.350830078125,0.36004638671875,0
0.5243566,0.15390612,0.07855224609375,0.1375732421875,0.22352943,0.3594970703125,0.36474609375,0
0.52265656,0.1548565,0.08245849609375,0.1365966796875,0.227451,0.35821533203125,0.36376953125,0
0.52546704,0.15156756,0.07763671875,0.13330078125,0.21960786,0.359619140625,0.36590576171875,0
0.5495115,0.15091476,0.05023193359375,0.1756591796875,0.21960786,0.35882568359375,0.366455078125,0
0.51965576,0.14980511,0.07415771484375,0.122314453125,0.21568629,0.35394287109375,0.3636474609375,0
0.50449365,0.14770594,0.08819580078125,0.098876953125,0.20784315,0.35516357421875,0.362548828125,0
0.54825705,0.16202576,0.073974609375,0.18939208984375,0.24313727,0.36004638671875,0.36456298828125,0
0.5817814,0.16160193,0.0433349609375,0.258056640625,0.2392157,0.3594970703125,0.36590576171875,0
0.57360005,0.13163652,0.0145263671875,0.17364501953125,0.18431374,0.353759765625,0.36566162109375,0
0.57566375,0.13362698,0.0185546875,0.1871337890625,0.19215688,0.3489990234375,0.36309814453125,0
0.56937635,0.13508146,0.02197265625,0.17608642578125,0.19607845,0.35308837890625,0.36376953125,0
0.58501863,0.13262402,0.01519775390625,0.20184326171875,0.18823531,0.362548828125,0.3729248046875,0
0.57545286,0.14047536,0.0238037109375,0.2012939453125,0.20392159,0.35711669921875,0.36651611328125,0
0.57586694,0.1414154,0.02923583984375,0.20477294921875,0.20000002,0.35467529296875,0.36383056640625,0
0.57992804,0.13822435,0.02264404296875,0.206298828125,0.20000002,0.35614013671875,0.3663330078125,0
0.5875453,0.13829435,0.01898193359375,0.22314453125,0.20000002,0.35491943359375,0.36328125,0
0.57439613,0.13827159,0.0263671875,0.19268798828125,0.19607845,0.35614013671875,0.3656005859375,0
0.5772605,0.13687392,0.02227783203125,0.1966552734375,0.20000002,0.36431884765625,0.3724365234375,0
0.5794419,0.13484143,0.0179443359375,0.1990966796875,0.19215688,0.35614013671875,0.364990234375,0
0.59043187,0.13346152,0.01397705078125,0.21856689453125,0.19215688,0.3502197265625,0.363037109375,0
0.58235466,0.13573734,0.02093505859375,0.2056884765625,0.19607845,0.3570556640625,0.367431640625,0
0.57792276,0.13856655,0.02520751953125,0.201171875,0.19607845,0.3565673828125,0.3662109375,0
0.5870373,0.13556409,0.01800537109375,0.21221923828125,0.19215688,0.3590087890625,0.3701171875,0
0.5130601,0.15335566,0.097900390625,0.11627197265625,0.22352943,0.36285400390625,0.3690185546875,0
0.60972184,0.122556545,0.006103515625,0.2427978515625,0.17254901,0.3485107421875,0.3707275390625,0
0.59377134,0.12520832,0.01104736328125,0.20703125,0.17254901,0.34759521484375,0.36376953125,0
0.5912473,0.12224842,0.00848388671875,0.1944580078125,0.16862744,0.34454345703125,0.362548828125,0
0.5863811,0.12155326,0.00830078125,0.18157958984375,0.17254901,0.34991455078125,0.369384765625,0
0.5909589,0.12388902,0.00958251953125,0.2008056640625,0.17254901,0.3543701171875,0.3699951171875,0
0.5857477,0.12419559,0.01153564453125,0.1878662109375,0.17254901,0.35174560546875,0.36590576171875,0
0.58983946,0.12419315,0.00970458984375,0.19873046875,0.17647058,0.35430908203125,0.37103271484375,0
0.5942524,0.12333164,0.00885009765625,0.203857421875,0.17254901,0.35107421875,0.367919921875,0
0.5943017,0.121383764,0.0069580078125,0.1988525390625,0.17254901,0.35113525390625,0.36669921875,0
0.5949595,0.12116725,0.0072021484375,0.205078125,0.16960782,0.34332275390625,0.36444091796875,0
0.6373617,0.1106753,0.0009765625,0.26898193359375,0.13333333,0.245849609375,0.3502197265625,0
0.5797378,0.11029597,0.00537109375,0.12982177734375,0.12941176,0.32635498046875,0.369873046875,0
0.6115048,0.096628726,6.103515625e-05,0.1680908203125,0.11764705,0.300537109375,0.3638916015625,0
0.62484014,0.092647806,0.0,0.18304443359375,0.11372548,0.28997802734375,0.36236572265625,0
0.61593163,0.090322286,0.00030517578125,0.15252685546875,0.10588235,0.2852783203125,0.36407470703125,0
0.6113856,0.0982204,0.0003662109375,0.1611328125,0.11764705,0.3021240234375,0.36285400390625,0
0.6193283,0.10441102,0.0006103515625,0.18408203125,0.12549019,0.32476806640625,0.36688232421875,0
0.6352178,0.09521361,0.0001220703125,0.2042236328125,0.109803915,0.31158447265625,0.3665771484375,0
0.58689535,0.10616401,0.00177001953125,0.132568359375,0.12156862,0.3206787109375,0.36798095703125,0
0.59196925,0.105195135,0.00091552734375,0.1395263671875,0.12156862,0.32318115234375,0.36370849609375,0
0.5893626,0.10954883,0.00146484375,0.137939453125,0.12156862,0.3427734375,0.371337890625,0
0.60859567,0.09919664,0.00018310546875,0.15411376953125,0.11764705,0.32171630859375,0.36419677734375,0
0.6630194,0.08085622,0.0,0.2781982421875,0.10196078,0.2301025390625,0.350830078125,0
0.664165,0.07778864,0.0,0.2713623046875,0.09411764,0.20880126953125,0.3443603515625,0
0.66179967,0.08293248,0.0,0.2642822265625,0.09803921,0.24169921875,0.3570556640625,0
0.6512451,0.08068177,0.0,0.2296142578125,0.09803921,0.217529296875,0.34722900390625,0
0.6795743,0.08013056,0.0,0.3389892578125,0.09803921,0.2177734375,0.34832763671875,0
0.6842879,0.0712054,0.0,0.3575439453125,0.086274505,0.173095703125,0.32135009765625,0
0.6687895,0.07071122,0.0,0.27099609375,0.086274505,0.17138671875,0.3209228515625,0
0.67767096,0.07491024,0.0,0.31439208984375,0.09019607,0.15106201171875,0.3238525390625,0
0.6666679,0.07950646,0.0,0.27130126953125,0.09411764,0.18377685546875,0.3409423828125,0
0.5236663,0.123633824,0.0185546875,0.09161376953125,0.14509806,0.349853515625,0.36956787109375,0
0.51627874,0.11723206,0.00665283203125,0.08282470703125,0.14117649,0.33929443359375,0.3658447265625,0
0.56003606,0.11020808,0.00201416015625,0.10662841796875,0.12941179,0.33746337890625,0.37188720703125,0
0.5934348,0.10424734,0.00030517578125,0.1500244140625,0.12941176,0.34344482421875,0.37799072265625,0
0.6200145,0.114535995,0.00018310546875,0.23419189453125,0.15686274,0.33245849609375,0.37060546875,0
0.6621089,0.10946091,0.0,0.34661865234375,0.15294117,0.32073974609375,0.36541748046875,0
0.6582103,0.087092906,0.0,0.27850341796875,0.109803915,0.240478515625,0.350341796875,0
0.66971606,0.08219691,0.0,0.31158447265625,0.10196078,0.214111328125,0.3489990234375,0
0.6650194,0.090857655,0.0003662109375,0.30511474609375,0.11372548,0.2667236328125,0.3619384765625,0
0.65531266,0.082801715,0.00018310546875,0.26751708984375,0.10196078,0.24114990234375,0.3511962890625,0
0.64749396,0.07934443,6.103515625e-05,0.22381591796875,0.09509802,0.20391845703125,0.35809326171875,0
0.5079451,0.07550391,0.0023193359375,0.01947021484375,0.082352966,0.1798095703125,0.3392333984375,0
0.6732669,0.080562375,0.0,0.34686279296875,0.10196078,0.216796875,0.34185791015625,0
0.59491545,0.1321121,0.00213623046875,0.21728515625,0.18823531,0.36260986328125,0.3743896484375,0
0.61451155,0.11401977,0.001220703125,0.2176513671875,0.1490196,0.3414306640625,0.3721923828125,0
0.6115402,0.10957501,0.0037841796875,0.1990966796875,0.1372549,0.3350830078125,0.37078857421875,0
0.62549263,0.07411756,0.0,0.1328125,0.09019607,0.19610595703125,0.3499755859375,0
0.63076055,0.074210785,0.0,0.1490478515625,0.09019607,0.180908203125,0.3482666015625,0
0.6560619,0.07656545,0.0,0.2576904296875,0.09803921,0.202392578125,0.34881591796875,0
0.6780474,0.07379081,0.0,0.37811279296875,0.09411764,0.15008544921875,0.3299560546875,0
0.6747453,0.073665716,0.0,0.34002685546875,0.09019607,0.13262939453125,0.3328857421875,0
0.657318,0.07380652,0.0,0.25640869140625,0.09019607,0.146728515625,0.3299560546875,0
0.66600084,0.081542954,6.103515625e-05,0.3240966796875,0.09901959,0.1597900390625,0.3162841796875,0
0.69484675,0.06125166,0.0,0.4439697265625,0.0745098,0.07415771484375,0.28741455078125,0
0.7091998,0.059835013,0.0,0.550048828125,0.07058823,0.08258056640625,0.2900390625,0
0.6658553,0.06388581,0.0,0.25408935546875,0.07843137,0.106689453125,0.3201904296875,0
0.66219723,0.07338529,0.0,0.30078125,0.09803921,0.1046142578125,0.32501220703125,0
0.6382415,0.07589732,0.0,0.19586181640625,0.09803921,0.153564453125,0.343017578125,0
0.6336234,0.07537638,0.0,0.1817626953125,0.09803921,0.1494140625,0.33953857421875,0
0.6512408,0.06799494,0.0,0.22027587890625,0.09019607,0.08642578125,0.30841064453125,0
0.6565758,0.07311593,0.0,0.25054931640625,0.09019607,0.1300048828125,0.33172607421875,0
0.6457788,0.07441126,0.0,0.21466064453125,0.09019607,0.1585693359375,0.3455810546875,0
0.6483916,0.0689867,0.0,0.20709228515625,0.086274505,0.102783203125,0.3231201171875,0
0.6779951,0.06849476,0.0,0.35858154296875,0.086274505,0.0982666015625,0.3175048828125,0
0.67413354,0.070032656,0.0,0.3519287109375,0.09019607,0.12872314453125,0.32574462890625,0
0.6701211,0.07029709,0.0,0.32470703125,0.09019607,0.103759765625,0.32171630859375,0
0.6666064,0.07637159,0.0,0.3328857421875,0.09803921,0.137939453125,0.3350830078125,0
0.6519847,0.07359231,0.0,0.25628662109375,0.09803921,0.12493896484375,0.32781982421875,0
0.6426904,0.0743307,0.0,0.21588134765625,0.09803921,0.137939453125,0.330322265625,0
0.64982814,0.074769385,0.0,0.241943359375,0.09803921,0.13519287109375,0.3302001953125,0
0.6816119,0.07336563,0.0,0.39520263671875,0.09803921,0.1171875,0.3353271484375,0
0.6760989,0.07307732,0.0,0.3699951171875,0.09803921,0.14923095703125,0.3438720703125,0
0.6798754,0.06968025,0.0,0.37432861328125,0.09411764,0.09613037109375,0.3271484375,0
0.6295475,0.0733386,6.103515625e-05,0.1510009765625,0.09019607,0.18701171875,0.34539794921875,0
0.6289029,0.07199187,0.0,0.1434326171875,0.09019607,0.1982421875,0.3482666015625,0
0.63157487,0.07241029,0.0,0.15411376953125,0.086274505,0.19580078125,0.35498046875,0
0.6828223,0.06454702,0.0,0.37725830078125,0.07843137,0.142822265625,0.3375244140625,0
0.69414425,0.065526776,0.0,0.44940185546875,0.082352936,0.13232421875,0.3309326171875,0
0.66668224,0.06939186,0.0,0.28955078125,0.082352936,0.16162109375,0.33685302734375,0
0.66723776,0.06920913,0.0,0.2939453125,0.086274505,0.16339111328125,0.3348388671875,0
0.67006385,0.06709052,0.0,0.30169677734375,0.082352936,0.14044189453125,0.34185791015625,0
0.6699487,0.06903893,0.0,0.30364990234375,0.082352936,0.13916015625,0.33807373046875,0
0.65495133,0.06855699,0.0,0.22821044921875,0.082352936,0.13580322265625,0.33746337890625,0
0.647595,0.069261365,0.0,0.2012939453125,0.086274505,0.1412353515625,0.336181640625,0
