Category,Message
Email 1,0
Email 2,8
Email 3,0
Email 4,0
Email 5,7
Email 6,4
Email 7,5
Email 8,0
Email 9,2
Email 10,4
Email 11,22
Email 12,33
Email 13,27
Email 14,4
Email 15,2
Email 16,6
Email 17,3
Email 18,36
Email 19,1
Email 20,3
Email 21,0
Email 22,5
Email 23,0
Email 24,4
Email 25,0
Email 26,12
Email 27,5
Email 28,1
Email 29,18
Email 30,9
Email 31,6
Email 32,0
Email 33,21
Email 34,7
Email 35,6
Email 36,3
Email 37,11
Email 38,5
Email 39,7
Email 40,8
Email 41,2
Email 42,5
Email 43,4
Email 44,2
Email 45,7
Email 46,7
Email 47,4
Email 48,16
Email 49,13
Email 50,2
Email 51,5
Email 52,3
Email 53,10
Email 54,1
Email 55,60
Email 56,0
Email 57,0
Email 58,2
Email 59,0
Email 60,0
Email 61,0
Email 62,0
Email 63,5
Email 64,0
Email 65,1
Email 66,16
Email 67,0
Email 68,11
Email 69,2
Email 70,23
Email 71,2
Email 72,0
Email 73,0
Email 74,0
Email 75,6
Email 76,0
Email 77,5
Email 78,9
Email 79,3
Email 80,13
Email 81,3
Email 82,0
Email 83,1
Email 84,12
Email 85,7
Email 86,8
Email 87,0
Email 88,0
Email 89,0
Email 90,3
Email 91,1
Email 92,8
Email 93,22
Email 94,19
Email 95,6
Email 96,17
Email 97,8
Email 98,3
Email 99,2
Email 100,3
Email 101,3
Email 102,2
Email 103,1
Email 104,0
Email 105,0
Email 106,1
Email 107,7
Email 108,35
Email 109,5
Email 110,1
Email 111,1
Email 112,31
Email 113,5
Email 114,24
Email 115,1
Email 116,33
Email 117,2
Email 118,1
Email 119,14
Email 120,9
Email 121,6
Email 122,0
Email 123,0
Email 124,2
Email 125,0
Email 126,1
Email 127,1
Email 128,11
Email 129,0
Email 130,0
Email 131,1
Email 132,5
Email 133,2
Email 134,3
Email 135,3
Email 136,0
Email 137,8
Email 138,0
Email 139,0
Email 140,2
Email 141,31
Email 142,15
Email 143,3
Email 144,14
Email 145,1
Email 146,0
Email 147,4
Email 148,1
Email 149,0
Email 150,5
Email 151,0
Email 152,0
Email 153,0
Email 154,18
Email 155,2
Email 156,2
Email 157,2
Email 158,3
Email 159,1
Email 160,4
Email 161,26
Email 162,2
Email 163,0
Email 164,0
Email 165,10
Email 166,2
Email 167,0
Email 168,2
Email 169,10
Email 170,1
Email 171,21
Email 172,11
Email 173,0
Email 174,0
Email 175,29
Email 176,2
Email 177,22
Email 178,2
Email 179,13
Email 180,40
Email 181,0
Email 182,1
Email 183,14
Email 184,2
Email 185,1
Email 186,3
Email 187,4
Email 188,18
Email 189,1
Email 190,9
Email 191,5
Email 192,5
Email 193,1
Email 194,5
Email 195,0
Email 196,9
Email 197,35
Email 198,0
Email 199,0
Email 200,2
Email 201,15
Email 202,36
Email 203,4
Email 204,4
Email 205,0
Email 206,9
Email 207,23
Email 208,15
Email 209,3
Email 210,0
Email 211,1
Email 212,7
Email 213,13
Email 214,0
Email 215,17
Email 216,8
Email 217,0
Email 218,1
Email 219,5
Email 220,5
Email 221,46
Email 222,0
Email 223,10
Email 224,0
Email 225,30
Email 226,61
Email 227,3
Email 228,0
Email 229,0
Email 230,16
Email 231,4
Email 232,11
Email 233,0
Email 234,1
Email 235,1
Email 236,11
Email 237,5
Email 238,2
Email 239,13
Email 240,1
Email 241,13
Email 242,9
Email 243,1
Email 244,4
Email 245,20
Email 246,22
Email 247,1
Email 248,99
Email 249,0
Email 250,2
Email 251,22
Email 252,0
Email 253,0
Email 254,9
Email 255,5
Email 256,1
Email 257,4
Email 258,5
Email 259,4
Email 260,1
Email 261,3
Email 262,5
Email 263,2
Email 264,2
Email 265,0
Email 266,0
Email 267,0
Email 268,4
Email 269,5
Email 270,6
Email 271,0
Email 272,0
Email 273,6
Email 274,0
Email 275,9
Email 276,1
Email 277,50
Email 278,0
Email 279,3
Email 280,0
Email 281,6
Email 282,1
Email 283,1
Email 284,8
Email 285,9
Email 286,3
Email 287,1
Email 288,4
Email 289,6
Email 290,4
Email 291,7
Email 292,1
Email 293,3
Email 294,7
Email 295,10
Email 296,1
Email 297,1
Email 298,0
Email 299,5
Email 300,1
Email 301,2
Email 302,3
Email 303,0
Email 304,1
Email 305,1
Email 306,9
Email 307,1
Email 308,0
Email 309,53
Email 310,19
Email 311,18
Email 312,0
Email 313,0
Email 314,0
Email 315,7
Email 316,6
Email 317,13
Email 318,3
Email 319,2
Email 320,9
Email 321,10
Email 322,2
Email 323,5
Email 324,4
Email 325,2
Email 326,0
Email 327,0
Email 328,4
Email 329,2
Email 330,2
Email 331,7
Email 332,0
Email 333,13
Email 334,2
Email 335,3
Email 336,15
Email 337,2
Email 338,14
Email 339,0
Email 340,24
Email 341,3
Email 342,0
Email 343,13
Email 344,20
Email 345,3
Email 346,23
Email 347,0
Email 348,6
Email 349,0
Email 350,39
Email 351,33
Email 352,0
Email 353,3
Email 354,4
Email 355,1
Email 356,1
Email 357,12
Email 358,2
Email 359,1
Email 360,4
Email 361,6
Email 362,0
Email 363,1
Email 364,1
Email 365,7
Email 366,0
Email 367,30
Email 368,11
Email 369,5
Email 370,0
Email 371,4
Email 372,5
Email 373,3
Email 374,2
Email 375,0
Email 376,9
Email 377,0
Email 378,13
Email 379,3
Email 380,3
Email 381,1
Email 382,1
Email 383,11
Email 384,11
Email 385,2
Email 386,0
Email 387,0
Email 388,0
Email 389,2
Email 390,9
Email 391,64
Email 392,8
Email 393,0
Email 394,12
Email 395,9
Email 396,1
Email 397,1
Email 398,0
Email 399,10
Email 400,0
Email 401,7
Email 402,9
Email 403,13
Email 404,1
Email 405,31
Email 406,16
Email 407,1
Email 408,3
Email 409,3
Email 410,57
Email 411,18
Email 412,210
Email 413,0
Email 414,0
Email 415,0
Email 416,21
Email 417,1
Email 418,7
Email 419,11
Email 420,1
Email 421,1
Email 422,2
Email 423,5
Email 424,0
Email 425,8
Email 426,2
Email 427,41
Email 428,1
Email 429,10
Email 430,1
Email 431,7
Email 432,6
Email 433,9
Email 434,1
Email 435,2
Email 436,4
Email 437,5
Email 438,0
Email 439,7
Email 440,2
Email 441,1
Email 442,11
Email 443,5
Email 444,2
Email 445,0
Email 446,5
Email 447,7
Email 448,19
Email 449,2
Email 450,0
Email 451,1
Email 452,1
Email 453,4
Email 454,1
Email 455,0
Email 456,15
Email 457,14
Email 458,7
Email 459,3
Email 460,0
Email 461,2
Email 462,3
Email 463,5
Email 464,4
Email 465,0
Email 466,2
Email 467,4
Email 468,2
Email 469,7
Email 470,3
Email 471,2
Email 472,1
Email 473,9
Email 474,3
Email 475,6
Email 476,2
Email 477,1
Email 478,17
Email 479,5
Email 480,1
Email 481,23
Email 482,6
Email 483,5
Email 484,2
Email 485,4
Email 486,3
Email 487,1
Email 488,6
Email 489,0
Email 490,7
Email 491,0
Email 492,1
Email 493,2
Email 494,4
Email 495,5
Email 496,0
Email 497,0
Email 498,0
Email 499,0
Email 500,4
Email 501,4
Email 502,5
Email 503,10
Email 504,2
Email 505,35
Email 506,1
Email 507,0
Email 508,3
Email 509,31
Email 510,3
Email 511,2
Email 512,2
Email 513,26
Email 514,4
Email 515,6
Email 516,36
Email 517,2
Email 518,15
Email 519,5
Email 520,7
Email 521,4
Email 522,2
Email 523,3
Email 524,11
Email 525,31
Email 526,20
Email 527,10
Email 528,0
Email 529,2
Email 530,12
Email 531,44
Email 532,7
Email 533,38
Email 534,3
Email 535,0
Email 536,7
Email 537,2
Email 538,2
Email 539,4
Email 540,3
Email 541,4
Email 542,3
Email 543,27
Email 544,4
Email 545,4
Email 546,2
Email 547,0
Email 548,4
Email 549,0
Email 550,1
Email 551,0
Email 552,2
Email 553,8
Email 554,0
Email 555,1
Email 556,3
Email 557,1
Email 558,3
Email 559,2
Email 560,1
Email 561,0
Email 562,9
Email 563,1
Email 564,3
Email 565,12
Email 566,3
Email 567,0
Email 568,8
Email 569,2
Email 570,8
Email 571,9
Email 572,20
Email 573,16
Email 574,1
Email 575,1
Email 576,2
Email 577,4
Email 578,5
Email 579,9
Email 580,4
Email 581,7
Email 582,8
Email 583,10
Email 584,2
Email 585,0
Email 586,7
Email 587,5
Email 588,5
Email 589,1
Email 590,13
Email 591,14
Email 592,32
Email 593,2
Email 594,1
Email 595,31
Email 596,0
Email 597,19
Email 598,1
Email 599,7
Email 600,5
Email 601,1
Email 602,3
Email 603,3
Email 604,6
Email 605,2
Email 606,1
Email 607,5
Email 608,2
Email 609,124
Email 610,8
Email 611,0
Email 612,5
Email 613,0
Email 614,16
Email 615,0
Email 616,3
Email 617,4
Email 618,2
Email 619,2
Email 620,0
Email 621,0
Email 622,2
Email 623,0
Email 624,4
Email 625,2
Email 626,40
Email 627,3
Email 628,12
Email 629,2
Email 630,32
Email 631,2
Email 632,3
Email 633,1
Email 634,1
Email 635,4
Email 636,2
Email 637,7
Email 638,3
Email 639,1
Email 640,1
Email 641,4
Email 642,3
Email 643,5
Email 644,1
Email 645,24
Email 646,14
Email 647,44
Email 648,12
Email 649,3
Email 650,19
Email 651,61
Email 652,12
Email 653,1
Email 654,0
Email 655,10
Email 656,7
Email 657,11
Email 658,34
Email 659,19
Email 660,6
Email 661,9
Email 662,6
Email 663,0
Email 664,31
Email 665,0
Email 666,3
Email 667,3
Email 668,1
Email 669,0
Email 670,7
Email 671,6
Email 672,6
Email 673,3
Email 674,0
Email 675,4
Email 676,4
Email 677,0
Email 678,0
Email 679,41
Email 680,1
Email 681,20
Email 682,0
Email 683,5
Email 684,37
Email 685,4
Email 686,5
Email 687,24
Email 688,2
Email 689,2
Email 690,1
Email 691,1
Email 692,5
Email 693,0
Email 694,0
Email 695,6
Email 696,4
Email 697,0
Email 698,0
Email 699,0
Email 700,8
Email 701,9
Email 702,9
Email 703,9
Email 704,2
Email 705,1
Email 706,4
Email 707,1
Email 708,0
Email 709,1
Email 710,0
Email 711,0
Email 712,1
Email 713,3
Email 714,1
Email 715,0
Email 716,0
Email 717,2
Email 718,1
Email 719,10
Email 720,10
Email 721,30
Email 722,1
Email 723,2
Email 724,1
Email 725,0
Email 726,0
Email 727,23
Email 728,7
Email 729,4
Email 730,2
Email 731,8
Email 732,8
Email 733,0
Email 734,6
Email 735,10
Email 736,2
Email 737,0
Email 738,3
Email 739,42
Email 740,4
Email 741,1
Email 742,4
Email 743,0
Email 744,2
Email 745,0
Email 746,0
Email 747,10
Email 748,8
Email 749,7
Email 750,0
Email 751,3
Email 752,1
Email 753,3
Email 754,70
Email 755,13
Email 756,8
Email 757,4
Email 758,2
Email 759,5
Email 760,0
Email 761,4
Email 762,0
Email 763,35
Email 764,5
Email 765,1
Email 766,29
Email 767,0
Email 768,5
Email 769,6
Email 770,2
Email 771,27
Email 772,14
Email 773,3
Email 774,5
Email 775,0
Email 776,36
Email 777,4
Email 778,7
Email 779,7
Email 780,10
Email 781,12
Email 782,1
Email 783,0
Email 784,17
Email 785,20
Email 786,23
Email 787,5
Email 788,0
Email 789,0
Email 790,2
Email 791,0
Email 792,3
Email 793,0
Email 794,0
Email 795,1
Email 796,0
Email 797,1
Email 798,5
Email 799,0
Email 800,34
Email 801,28
Email 802,2
Email 803,20
Email 804,4
Email 805,0
Email 806,14
Email 807,4
Email 808,1
Email 809,8
Email 810,10
Email 811,1
Email 812,3
Email 813,38
Email 814,5
Email 815,2
Email 816,3
Email 817,4
Email 818,0
Email 819,2
Email 820,67
Email 821,1
Email 822,2
Email 823,2
Email 824,4
Email 825,3
Email 826,16
Email 827,2
Email 828,3
Email 829,0
Email 830,24
Email 831,11
Email 832,2
Email 833,0
Email 834,6
Email 835,4
Email 836,0
Email 837,1
Email 838,0
Email 839,2
Email 840,1
Email 841,7
Email 842,1
Email 843,9
Email 844,0
Email 845,1
Email 846,4
Email 847,0
Email 848,1
Email 849,7
Email 850,2
Email 851,17
Email 852,1
Email 853,59
Email 854,1
Email 855,4
Email 856,4
Email 857,19
Email 858,2
Email 859,2
Email 860,2
Email 861,3
Email 862,0
Email 863,51
Email 864,1
Email 865,1
Email 866,8
Email 867,1
Email 868,10
Email 869,1
Email 870,1
Email 871,1
Email 872,78
Email 873,6
Email 874,3
Email 875,29
Email 876,6
Email 877,6
Email 878,3
Email 879,9
Email 880,6
Email 881,3
Email 882,4
Email 883,0
Email 884,5
Email 885,38
Email 886,2
Email 887,4
Email 888,26
Email 889,1
Email 890,24
Email 891,1
Email 892,3
Email 893,3
Email 894,5
Email 895,2
Email 896,2
Email 897,12
Email 898,1
Email 899,1
Email 900,5
Email 901,2
Email 902,28
Email 903,1
Email 904,0
Email 905,1
Email 906,21
Email 907,9
Email 908,10
Email 909,6
Email 910,4
Email 911,6
Email 912,0
Email 913,1
Email 914,2
Email 915,22
Email 916,10
Email 917,16
Email 918,2
Email 919,0
Email 920,3
Email 921,2
Email 922,10
Email 923,7
Email 924,4
Email 925,5
Email 926,24
Email 927,20
Email 928,5
Email 929,8
Email 930,8
Email 931,2
Email 932,21
Email 933,28
Email 934,8
Email 935,2
Email 936,5
Email 937,31
Email 938,0
Email 939,4
Email 940,7
Email 941,0
Email 942,1
Email 943,2
Email 944,20
Email 945,9
Email 946,11
Email 947,1
Email 948,14
Email 949,0
Email 950,0
Email 951,4
Email 952,8
Email 953,2
Email 954,8
Email 955,3
Email 956,8
Email 957,13
Email 958,8
Email 959,0
Email 960,0
Email 961,4
Email 962,7
Email 963,0
Email 964,1
Email 965,4
Email 966,4
Email 967,8
Email 968,4
Email 969,0
Email 970,9
Email 971,0
Email 972,5
Email 973,5
Email 974,3
Email 975,5
Email 976,7
Email 977,39
Email 978,1
Email 979,0
Email 980,2
Email 981,0
Email 982,8
Email 983,3
Email 984,0
Email 985,3
Email 986,4
Email 987,3
Email 988,5
Email 989,4
Email 990,0
Email 991,7
Email 992,5
Email 993,15
Email 994,0
Email 995,0
Email 996,6
Email 997,0
Email 998,5
Email 999,8
Email 1000,0
Email 1001,17
Email 1002,3
Email 1003,2
Email 1004,17
Email 1005,0
Email 1006,0
Email 1007,12
Email 1008,2
Email 1009,8
Email 1010,4
Email 1011,3
Email 1012,3
Email 1013,6
Email 1014,3
Email 1015,8
Email 1016,4
Email 1017,4
Email 1018,16
Email 1019,2
Email 1020,13
Email 1021,1
Email 1022,12
Email 1023,0
Email 1024,7
Email 1025,4
Email 1026,1
Email 1027,1
Email 1028,0
Email 1029,24
Email 1030,10
Email 1031,8
Email 1032,0
Email 1033,1
Email 1034,6
Email 1035,18
Email 1036,4
Email 1037,0
Email 1038,3
Email 1039,11
Email 1040,2
Email 1041,2
Email 1042,2
Email 1043,17
Email 1044,2
Email 1045,0
Email 1046,1
Email 1047,44
Email 1048,1
Email 1049,3
Email 1050,1
Email 1051,2
Email 1052,8
Email 1053,40
Email 1054,12
Email 1055,3
Email 1056,7
Email 1057,0
Email 1058,11
Email 1059,0
Email 1060,8
Email 1061,19
Email 1062,27
Email 1063,3
Email 1064,5
Email 1065,28
Email 1066,0
Email 1067,9
Email 1068,1
Email 1069,8
Email 1070,6
Email 1071,3
Email 1072,3
Email 1073,4
Email 1074,0
Email 1075,4
Email 1076,14
Email 1077,4
Email 1078,1
Email 1079,4
Email 1080,2
Email 1081,9
Email 1082,4
Email 1083,20
Email 1084,19
Email 1085,11
Email 1086,25
Email 1087,4
Email 1088,0
Email 1089,5
Email 1090,8
Email 1091,7
Email 1092,0
Email 1093,8
Email 1094,0
Email 1095,0
Email 1096,1
Email 1097,9
Email 1098,3
Email 1099,2
Email 1100,3
Email 1101,13
Email 1102,8
Email 1103,3
Email 1104,2
Email 1105,6
Email 1106,6
Email 1107,2
Email 1108,4
Email 1109,3
Email 1110,5
Email 1111,5
Email 1112,0
Email 1113,9
Email 1114,10
Email 1115,1
Email 1116,30
Email 1117,2
Email 1118,30
Email 1119,2
Email 1120,32
Email 1121,41
Email 1122,5
Email 1123,5
Email 1124,3
Email 1125,3
Email 1126,2
Email 1127,8
Email 1128,6
Email 1129,3
Email 1130,1
Email 1131,0
Email 1132,11
Email 1133,0
Email 1134,1
Email 1135,3
Email 1136,0
Email 1137,0
Email 1138,0
Email 1139,18
Email 1140,1
Email 1141,0
Email 1142,1
Email 1143,7
Email 1144,1
Email 1145,1
Email 1146,2
Email 1147,4
Email 1148,0
Email 1149,1
Email 1150,22
Email 1151,1
Email 1152,23
Email 1153,0
Email 1154,2
Email 1155,3
Email 1156,0
Email 1157,0
Email 1158,2
Email 1159,29
Email 1160,26
Email 1161,25
Email 1162,1
Email 1163,7
Email 1164,1
Email 1165,0
Email 1166,3
Email 1167,1
Email 1168,4
Email 1169,2
Email 1170,2
Email 1171,5
Email 1172,1
Email 1173,1
Email 1174,15
Email 1175,0
Email 1176,5
Email 1177,0
Email 1178,4
Email 1179,0
Email 1180,2
Email 1181,1
Email 1182,7
Email 1183,0
Email 1184,13
Email 1185,78
Email 1186,0
Email 1187,35
Email 1188,2
Email 1189,3
Email 1190,24
Email 1191,6
Email 1192,2
Email 1193,2
Email 1194,0
Email 1195,7
Email 1196,1
Email 1197,1
Email 1198,1
Email 1199,4
Email 1200,1
Email 1201,0
Email 1202,0
Email 1203,0
Email 1204,3
Email 1205,3
Email 1206,3
Email 1207,11
Email 1208,1
Email 1209,1
Email 1210,0
Email 1211,2
Email 1212,3
Email 1213,7
Email 1214,3
Email 1215,8
Email 1216,0
Email 1217,2
Email 1218,1
Email 1219,2
Email 1220,0
Email 1221,0
Email 1222,0
Email 1223,12
Email 1224,3
Email 1225,10
Email 1226,4
Email 1227,3
Email 1228,0
Email 1229,7
Email 1230,0
Email 1231,0
Email 1232,9
Email 1233,11
Email 1234,12
Email 1235,5
Email 1236,1
Email 1237,40
Email 1238,2
Email 1239,2
Email 1240,0
Email 1241,1
Email 1242,0
Email 1243,37
Email 1244,36
Email 1245,2
Email 1246,6
Email 1247,1
Email 1248,27
Email 1249,32
Email 1250,2
Email 1251,2
Email 1252,3
Email 1253,0
Email 1254,7
Email 1255,1
Email 1256,1
Email 1257,2
Email 1258,5
Email 1259,1
Email 1260,5
Email 1261,0
Email 1262,1
Email 1263,44
Email 1264,15
Email 1265,17
Email 1266,17
Email 1267,34
Email 1268,2
Email 1269,8
Email 1270,3
Email 1271,1
Email 1272,0
Email 1273,0
Email 1274,0
Email 1275,10
Email 1276,1
Email 1277,3
Email 1278,1
Email 1279,11
Email 1280,11
Email 1281,2
Email 1282,3
Email 1283,2
Email 1284,0
Email 1285,33
Email 1286,5
Email 1287,0
Email 1288,3
Email 1289,0
Email 1290,0
Email 1291,2
Email 1292,0
Email 1293,3
Email 1294,1
Email 1295,8
Email 1296,8
Email 1297,3
Email 1298,57
Email 1299,2
Email 1300,0
Email 1301,0
Email 1302,2
Email 1303,0
Email 1304,0
Email 1305,5
Email 1306,4
Email 1307,5
Email 1308,0
Email 1309,0
Email 1310,4
Email 1311,10
Email 1312,5
Email 1313,0
Email 1314,0
Email 1315,0
Email 1316,2
Email 1317,2
Email 1318,14
Email 1319,38
Email 1320,13
Email 1321,0
Email 1322,1
Email 1323,6
Email 1324,5
Email 1325,0
Email 1326,0
Email 1327,0
Email 1328,2
Email 1329,0
Email 1330,0
Email 1331,0
Email 1332,8
Email 1333,10
Email 1334,12
Email 1335,0
Email 1336,4
Email 1337,0
Email 1338,7
Email 1339,0
Email 1340,4
Email 1341,5
Email 1342,9
Email 1343,13
Email 1344,1
Email 1345,0
Email 1346,4
Email 1347,16
Email 1348,0
Email 1349,0
Email 1350,2
Email 1351,0
Email 1352,0
Email 1353,9
Email 1354,16
Email 1355,11
Email 1356,0
Email 1357,9
Email 1358,11
Email 1359,3
Email 1360,1
Email 1361,0
Email 1362,0
Email 1363,9
Email 1364,23
Email 1365,2
Email 1366,5
Email 1367,6
Email 1368,3
Email 1369,1
Email 1370,2
Email 1371,4
Email 1372,0
Email 1373,1
Email 1374,6
Email 1375,4
Email 1376,0
Email 1377,0
Email 1378,5
Email 1379,9
Email 1380,0
Email 1381,1
Email 1382,1
Email 1383,3
Email 1384,2
Email 1385,3
Email 1386,3
Email 1387,2
Email 1388,5
Email 1389,0
Email 1390,1
Email 1391,0
Email 1392,2
Email 1393,1
Email 1394,1
Email 1395,1
Email 1396,4
Email 1397,0
Email 1398,0
Email 1399,13
Email 1400,0
Email 1401,8
Email 1402,0
Email 1403,0
Email 1404,3
Email 1405,61
Email 1406,0
Email 1407,0
Email 1408,1
Email 1409,4
Email 1410,1
Email 1411,0
Email 1412,0
Email 1413,1
Email 1414,57
Email 1415,17
Email 1416,2
Email 1417,6
Email 1418,0
Email 1419,0
Email 1420,7
Email 1421,1
Email 1422,2
Email 1423,0
Email 1424,4
Email 1425,7
Email 1426,0
Email 1427,2
Email 1428,0
Email 1429,0
Email 1430,2
Email 1431,2
Email 1432,0
Email 1433,7
Email 1434,0
Email 1435,2
Email 1436,21
Email 1437,0
Email 1438,11
Email 1439,0
Email 1440,4
Email 1441,16
Email 1442,1
Email 1443,0
Email 1444,6
Email 1445,9
Email 1446,17
Email 1447,16
Email 1448,20
Email 1449,10
Email 1450,0
Email 1451,1
Email 1452,10
Email 1453,0
Email 1454,1
Email 1455,0
Email 1456,3
Email 1457,13
Email 1458,5
Email 1459,12
Email 1460,0
Email 1461,0
Email 1462,0
Email 1463,0
Email 1464,3
Email 1465,5
Email 1466,4
Email 1467,0
Email 1468,7
Email 1469,2
Email 1470,9
Email 1471,3
Email 1472,23
Email 1473,2
Email 1474,17
Email 1475,2
Email 1476,4
Email 1477,0
Email 1478,0
Email 1479,3
Email 1480,8
Email 1481,18
Email 1482,4
Email 1483,10
Email 1484,0
Email 1485,0
Email 1486,0
Email 1487,4
Email 1488,0
Email 1489,5
Email 1490,0
Email 1491,11
Email 1492,6
Email 1493,12
Email 1494,0
Email 1495,7
Email 1496,2
Email 1497,2
Email 1498,38
Email 1499,10
Email 1500,8
Email 1501,0
Email 1502,0
Email 1503,1
Email 1504,5
Email 1505,8
Email 1506,0
Email 1507,2
Email 1508,2
Email 1509,22
Email 1510,7
Email 1511,2
Email 1512,8
Email 1513,2
Email 1514,0
Email 1515,0
Email 1516,8
Email 1517,0
Email 1518,0
Email 1519,24
Email 1520,2
Email 1521,2
Email 1522,2
Email 1523,6
Email 1524,1
Email 1525,4
Email 1526,0
Email 1527,0
Email 1528,3
Email 1529,3
Email 1530,14
Email 1531,7
Email 1532,3
Email 1533,13
Email 1534,19
Email 1535,1
Email 1536,0
Email 1537,9
Email 1538,0
Email 1539,7
Email 1540,1
Email 1541,7
Email 1542,3
Email 1543,1
Email 1544,2
Email 1545,3
Email 1546,3
Email 1547,2
Email 1548,0
Email 1549,0
Email 1550,0
Email 1551,2
Email 1552,1
Email 1553,0
Email 1554,0
Email 1555,1
Email 1556,1
Email 1557,0
Email 1558,1
Email 1559,14
Email 1560,25
Email 1561,18
Email 1562,7
Email 1563,3
Email 1564,0
Email 1565,0
Email 1566,7
Email 1567,1
Email 1568,2
Email 1569,7
Email 1570,0
Email 1571,0
Email 1572,0
Email 1573,3
Email 1574,0
Email 1575,2
Email 1576,0
Email 1577,1
Email 1578,1
Email 1579,0
Email 1580,0
Email 1581,1
Email 1582,0
Email 1583,0
Email 1584,0
Email 1585,7
Email 1586,1
Email 1587,0
Email 1588,12
Email 1589,0
Email 1590,61
Email 1591,7
Email 1592,4
Email 1593,3
Email 1594,0
Email 1595,3
Email 1596,0
Email 1597,0
Email 1598,0
Email 1599,5
Email 1600,11
Email 1601,29
Email 1602,6
Email 1603,0
Email 1604,0
Email 1605,10
Email 1606,73
Email 1607,0
Email 1608,6
Email 1609,5
Email 1610,7
Email 1611,3
Email 1612,37
Email 1613,11
Email 1614,1
Email 1615,3
Email 1616,6
Email 1617,3
Email 1618,0
Email 1619,0
Email 1620,0
Email 1621,11
Email 1622,2
Email 1623,5
Email 1624,2
Email 1625,4
Email 1626,0
Email 1627,1
Email 1628,1
Email 1629,7
Email 1630,14
Email 1631,0
Email 1632,2
Email 1633,0
Email 1634,0
Email 1635,5
Email 1636,0
Email 1637,33
Email 1638,2
Email 1639,1
Email 1640,0
Email 1641,3
Email 1642,1
Email 1643,2
Email 1644,21
Email 1645,0
Email 1646,0
Email 1647,7
Email 1648,54
Email 1649,15
Email 1650,1
Email 1651,0
Email 1652,0
Email 1653,0
Email 1654,12
Email 1655,5
Email 1656,9
Email 1657,4
Email 1658,5
Email 1659,7
Email 1660,9
Email 1661,38
Email 1662,1
Email 1663,2
Email 1664,25
Email 1665,0
Email 1666,5
Email 1667,0
Email 1668,0
Email 1669,2
Email 1670,1
Email 1671,1
Email 1672,19
Email 1673,25
Email 1674,17
Email 1675,0
Email 1676,6
Email 1677,3
Email 1678,0
Email 1679,0
Email 1680,0
Email 1681,0
Email 1682,4
Email 1683,0
Email 1684,0
Email 1685,7
Email 1686,5
Email 1687,5
Email 1688,13
Email 1689,24
Email 1690,6
Email 1691,90
Email 1692,2
Email 1693,24
Email 1694,0
Email 1695,0
Email 1696,0
Email 1697,24
Email 1698,3
Email 1699,3
Email 1700,3
Email 1701,1
Email 1702,0
Email 1703,0
Email 1704,8
Email 1705,0
Email 1706,10
Email 1707,3
Email 1708,36
Email 1709,5
Email 1710,10
Email 1711,10
Email 1712,1
Email 1713,8
Email 1714,3
Email 1715,1
Email 1716,10
Email 1717,1
Email 1718,8
Email 1719,0
Email 1720,8
Email 1721,4
Email 1722,0
Email 1723,0
Email 1724,1
Email 1725,2
Email 1726,1
Email 1727,6
Email 1728,8
Email 1729,4
Email 1730,10
Email 1731,0
Email 1732,0
Email 1733,0
Email 1734,0
Email 1735,3
Email 1736,8
Email 1737,0
Email 1738,0
Email 1739,0
Email 1740,13
Email 1741,2
Email 1742,0
Email 1743,3
Email 1744,4
Email 1745,1
Email 1746,1
Email 1747,4
Email 1748,18
Email 1749,0
Email 1750,1
Email 1751,0
Email 1752,1
Email 1753,1
Email 1754,23
Email 1755,0
Email 1756,3
Email 1757,5
Email 1758,3
Email 1759,0
Email 1760,1
Email 1761,0
Email 1762,3
Email 1763,0
Email 1764,3
Email 1765,0
Email 1766,44
Email 1767,5
Email 1768,5
Email 1769,4
Email 1770,5
Email 1771,5
Email 1772,2
Email 1773,6
Email 1774,0
Email 1775,0
Email 1776,0
Email 1777,5
Email 1778,11
Email 1779,6
Email 1780,0
Email 1781,25
Email 1782,0
Email 1783,0
Email 1784,14
Email 1785,1
Email 1786,8
Email 1787,11
Email 1788,11
Email 1789,11
Email 1790,11
Email 1791,75
Email 1792,74
Email 1793,8
Email 1794,1
Email 1795,36
Email 1796,28
Email 1797,0
Email 1798,6
Email 1799,24
Email 1800,4
Email 1801,2
Email 1802,5
Email 1803,0
Email 1804,9
Email 1805,5
Email 1806,10
Email 1807,4
Email 1808,1
Email 1809,0
Email 1810,7
Email 1811,5
Email 1812,0
Email 1813,5
Email 1814,1
Email 1815,0
Email 1816,13
Email 1817,7
Email 1818,37
Email 1819,5
Email 1820,5
Email 1821,5
Email 1822,1
Email 1823,0
Email 1824,3
Email 1825,0
Email 1826,9
Email 1827,3
Email 1828,2
Email 1829,0
Email 1830,7
Email 1831,9
Email 1832,12
Email 1833,1
Email 1834,2
Email 1835,4
Email 1836,0
Email 1837,1
Email 1838,10
Email 1839,0
Email 1840,0
Email 1841,10
Email 1842,3
Email 1843,0
Email 1844,3
Email 1845,1
Email 1846,17
Email 1847,1
Email 1848,1
Email 1849,2
Email 1850,0
Email 1851,0
Email 1852,13
Email 1853,8
Email 1854,2
Email 1855,10
Email 1856,0
Email 1857,17
Email 1858,2
Email 1859,0
Email 1860,12
Email 1861,4
Email 1862,1
Email 1863,2
Email 1864,0
Email 1865,0
Email 1866,1
Email 1867,0
Email 1868,1
Email 1869,0
Email 1870,13
Email 1871,0
Email 1872,4
Email 1873,2
Email 1874,0
Email 1875,1
Email 1876,5
Email 1877,1
Email 1878,0
Email 1879,1
Email 1880,0
Email 1881,3
Email 1882,0
Email 1883,0
Email 1884,13
Email 1885,14
Email 1886,1
Email 1887,5
Email 1888,1
Email 1889,2
Email 1890,0
Email 1891,1
Email 1892,1
Email 1893,6
Email 1894,2
Email 1895,1
Email 1896,0
Email 1897,0
Email 1898,0
Email 1899,0
Email 1900,5
Email 1901,7
Email 1902,7
Email 1903,6
Email 1904,29
Email 1905,1
Email 1906,0
Email 1907,4
Email 1908,0
Email 1909,2
Email 1910,1
Email 1911,1
Email 1912,0
Email 1913,0
Email 1914,0
Email 1915,6
Email 1916,4
Email 1917,5
Email 1918,0
Email 1919,0
Email 1920,16
Email 1921,14
Email 1922,4
Email 1923,15
Email 1924,7
Email 1925,0
Email 1926,0
Email 1927,0
Email 1928,15
Email 1929,11
Email 1930,3
Email 1931,4
Email 1932,7
Email 1933,1
Email 1934,0
Email 1935,0
Email 1936,17
Email 1937,0
Email 1938,0
Email 1939,0
Email 1940,3
Email 1941,0
Email 1942,5
Email 1943,2
Email 1944,6
Email 1945,0
Email 1946,1
Email 1947,0
Email 1948,3
Email 1949,0
Email 1950,1
Email 1951,1
Email 1952,3
Email 1953,4
Email 1954,2
Email 1955,4
Email 1956,5
Email 1957,42
Email 1958,4
Email 1959,0
Email 1960,0
Email 1961,0
Email 1962,8
Email 1963,0
Email 1964,4
Email 1965,1
Email 1966,0
Email 1967,0
Email 1968,0
Email 1969,0
Email 1970,0
Email 1971,1
Email 1972,1
Email 1973,0
Email 1974,9
Email 1975,0
Email 1976,0
Email 1977,0
Email 1978,12
Email 1979,7
Email 1980,0
Email 1981,12
Email 1982,3
Email 1983,0
Email 1984,0
Email 1985,1
Email 1986,1
Email 1987,24
Email 1988,20
Email 1989,13
Email 1990,12
Email 1991,11
Email 1992,8
Email 1993,0
Email 1994,5
Email 1995,5
Email 1996,11
Email 1997,38
Email 1998,5
Email 1999,0
Email 2000,1
Email 2001,0
Email 2002,2
Email 2003,0
Email 2004,0
Email 2005,0
Email 2006,2
Email 2007,16
Email 2008,12
Email 2009,0
Email 2010,21
Email 2011,1
Email 2012,2
Email 2013,0
Email 2014,36
Email 2015,7
Email 2016,3
Email 2017,23
Email 2018,2
Email 2019,8
Email 2020,0
Email 2021,0
Email 2022,0
Email 2023,7
Email 2024,2
Email 2025,8
Email 2026,14
Email 2027,5
Email 2028,0
Email 2029,3
Email 2030,55
Email 2031,3
Email 2032,2
Email 2033,5
Email 2034,6
Email 2035,4
Email 2036,6
Email 2037,3
Email 2038,2
Email 2039,1
Email 2040,0
Email 2041,4
Email 2042,0
Email 2043,0
Email 2044,0
Email 2045,2
Email 2046,3
Email 2047,0
Email 2048,2
Email 2049,1
Email 2050,19
Email 2051,0
Email 2052,0
Email 2053,0
Email 2054,2
Email 2055,9
Email 2056,0
Email 2057,9
Email 2058,6
Email 2059,1
Email 2060,80
Email 2061,1
Email 2062,11
Email 2063,1
Email 2064,51
Email 2065,6
Email 2066,18
Email 2067,3
Email 2068,0
Email 2069,0
Email 2070,6
Email 2071,1
Email 2072,3
Email 2073,1
Email 2074,1
Email 2075,0
Email 2076,9
Email 2077,15
Email 2078,3
Email 2079,13
Email 2080,2
Email 2081,1
Email 2082,0
Email 2083,0
Email 2084,6
Email 2085,9
Email 2086,1
Email 2087,0
Email 2088,4
Email 2089,1
Email 2090,3
Email 2091,0
Email 2092,2
Email 2093,5
Email 2094,2
Email 2095,0
Email 2096,1
Email 2097,0
Email 2098,9
Email 2099,1
Email 2100,4
Email 2101,1
Email 2102,9
Email 2103,0
Email 2104,2
Email 2105,1
Email 2106,0
Email 2107,0
Email 2108,1
Email 2109,3
Email 2110,2
Email 2111,4
Email 2112,5
Email 2113,3
Email 2114,16
Email 2115,1
Email 2116,2
Email 2117,0
Email 2118,0
Email 2119,5
Email 2120,2
Email 2121,3
Email 2122,15
Email 2123,0
Email 2124,2
Email 2125,2
Email 2126,10
Email 2127,0
Email 2128,5
Email 2129,0
Email 2130,0
Email 2131,0
Email 2132,12
Email 2133,5
Email 2134,3
Email 2135,2
Email 2136,2
Email 2137,10
Email 2138,5
Email 2139,12
Email 2140,16
Email 2141,10
Email 2142,1
Email 2143,31
Email 2144,0
Email 2145,9
Email 2146,2
Email 2147,3
Email 2148,3
Email 2149,20
Email 2150,1
Email 2151,23
Email 2152,0
Email 2153,0
Email 2154,0
Email 2155,2
Email 2156,0
Email 2157,8
Email 2158,0
Email 2159,24
Email 2160,2
Email 2161,14
Email 2162,15
Email 2163,2
Email 2164,2
Email 2165,0
Email 2166,0
Email 2167,0
Email 2168,0
Email 2169,0
Email 2170,0
Email 2171,15
Email 2172,5
Email 2173,4
Email 2174,10
Email 2175,0
Email 2176,6
Email 2177,2
Email 2178,5
Email 2179,1
Email 2180,0
Email 2181,0
Email 2182,2
Email 2183,0
Email 2184,2
Email 2185,11
Email 2186,1
Email 2187,1
Email 2188,16
Email 2189,3
Email 2190,0
Email 2191,0
Email 2192,3
Email 2193,0
Email 2194,3
Email 2195,2
Email 2196,2
Email 2197,11
Email 2198,0
Email 2199,36
Email 2200,0
Email 2201,12
Email 2202,0
Email 2203,0
Email 2204,0
Email 2205,0
Email 2206,3
Email 2207,1
Email 2208,10
Email 2209,2
Email 2210,4
Email 2211,4
Email 2212,2
Email 2213,7
Email 2214,1
Email 2215,0
Email 2216,2
Email 2217,0
Email 2218,1
Email 2219,9
Email 2220,9
Email 2221,0
Email 2222,0
Email 2223,0
Email 2224,0
Email 2225,71
Email 2226,2
Email 2227,1
Email 2228,13
Email 2229,2
Email 2230,2
Email 2231,3
Email 2232,3
Email 2233,1
Email 2234,0
Email 2235,12
Email 2236,0
Email 2237,0
Email 2238,0
Email 2239,6
Email 2240,3
Email 2241,35
Email 2242,0
Email 2243,0
Email 2244,0
Email 2245,4
Email 2246,40
Email 2247,3
Email 2248,50
Email 2249,3
Email 2250,0
Email 2251,0
Email 2252,0
Email 2253,0
Email 2254,4
Email 2255,1
Email 2256,22
Email 2257,10
Email 2258,1
Email 2259,0
Email 2260,4
Email 2261,20
Email 2262,18
Email 2263,1
Email 2264,0
Email 2265,18
Email 2266,0
Email 2267,0
Email 2268,0
Email 2269,6
Email 2270,11
Email 2271,0
Email 2272,9
Email 2273,8
Email 2274,13
Email 2275,0
Email 2276,9
Email 2277,3
Email 2278,0
Email 2279,7
Email 2280,2
Email 2281,0
Email 2282,6
Email 2283,43
Email 2284,0
Email 2285,0
Email 2286,0
Email 2287,2
Email 2288,7
Email 2289,6
Email 2290,1
Email 2291,6
Email 2292,0
Email 2293,0
Email 2294,0
Email 2295,0
Email 2296,0
Email 2297,0
Email 2298,9
Email 2299,5
Email 2300,3
Email 2301,0
Email 2302,0
Email 2303,2
Email 2304,8
Email 2305,4
Email 2306,17
Email 2307,0
Email 2308,0
Email 2309,3
Email 2310,17
Email 2311,0
Email 2312,2
Email 2313,0
Email 2314,2
Email 2315,7
Email 2316,8
Email 2317,4
Email 2318,2
Email 2319,16
Email 2320,4
Email 2321,0
Email 2322,1
Email 2323,0
Email 2324,30
Email 2325,0
Email 2326,4
Email 2327,1
Email 2328,0
Email 2329,17
Email 2330,0
Email 2331,0
Email 2332,0
Email 2333,1
Email 2334,17
Email 2335,3
Email 2336,2
Email 2337,1
Email 2338,1
Email 2339,8
Email 2340,3
Email 2341,2
Email 2342,8
Email 2343,14
Email 2344,1
Email 2345,0
Email 2346,0
Email 2347,1
Email 2348,0
Email 2349,3
Email 2350,14
Email 2351,1
Email 2352,24
Email 2353,0
Email 2354,0
Email 2355,3
Email 2356,0
Email 2357,4
Email 2358,0
Email 2359,4
Email 2360,5
Email 2361,1
Email 2362,1
Email 2363,0
Email 2364,0
Email 2365,0
Email 2366,0
Email 2367,0
Email 2368,4
Email 2369,2
Email 2370,1
Email 2371,2
Email 2372,0
Email 2373,15
Email 2374,2
Email 2375,0
Email 2376,0
Email 2377,3
Email 2378,12
Email 2379,2
Email 2380,20
Email 2381,7
Email 2382,17
Email 2383,32
Email 2384,15
Email 2385,0
Email 2386,2
Email 2387,3
Email 2388,53
Email 2389,8
Email 2390,0
Email 2391,0
Email 2392,7
Email 2393,0
Email 2394,0
Email 2395,19
Email 2396,0
Email 2397,0
Email 2398,1
Email 2399,0
Email 2400,4
Email 2401,8
Email 2402,0
Email 2403,1
Email 2404,7
Email 2405,0
Email 2406,0
Email 2407,19
Email 2408,0
Email 2409,18
Email 2410,10
Email 2411,5
Email 2412,4
Email 2413,2
Email 2414,0
Email 2415,1
Email 2416,0
Email 2417,0
Email 2418,0
Email 2419,1
Email 2420,0
Email 2421,2
Email 2422,2
Email 2423,2
Email 2424,3
Email 2425,1
Email 2426,15
Email 2427,6
Email 2428,1
Email 2429,9
Email 2430,2
Email 2431,0
Email 2432,0
Email 2433,0
Email 2434,5
Email 2435,0
Email 2436,0
Email 2437,9
Email 2438,3
Email 2439,2
Email 2440,0
Email 2441,24
Email 2442,0
Email 2443,4
Email 2444,0
Email 2445,0
Email 2446,5
Email 2447,5
Email 2448,4
Email 2449,28
Email 2450,2
Email 2451,0
Email 2452,11
Email 2453,4
Email 2454,9
Email 2455,1
Email 2456,1
Email 2457,14
Email 2458,0
Email 2459,11
Email 2460,0
Email 2461,0
Email 2462,0
Email 2463,5
Email 2464,9
Email 2465,1
Email 2466,3
Email 2467,14
Email 2468,0
Email 2469,11
Email 2470,16
Email 2471,25
Email 2472,2
Email 2473,9
Email 2474,1
Email 2475,3
Email 2476,0
Email 2477,0
Email 2478,0
Email 2479,0
Email 2480,1
Email 2481,0
Email 2482,0
Email 2483,1
Email 2484,91
Email 2485,2
Email 2486,11
Email 2487,4
Email 2488,1
Email 2489,3
Email 2490,0
Email 2491,0
Email 2492,33
Email 2493,9
Email 2494,12
Email 2495,0
Email 2496,2
Email 2497,0
Email 2498,7
Email 2499,1
Email 2500,1
Email 2501,9
Email 2502,12
Email 2503,2
Email 2504,0
Email 2505,0
Email 2506,5
Email 2507,1
Email 2508,5
Email 2509,4
Email 2510,0
Email 2511,15
Email 2512,18
Email 2513,0
Email 2514,0
Email 2515,12
Email 2516,4
Email 2517,1
Email 2518,0
Email 2519,3
Email 2520,1
Email 2521,0
Email 2522,0
Email 2523,4
Email 2524,2
Email 2525,2
Email 2526,2
Email 2527,7
Email 2528,2
Email 2529,1
Email 2530,0
Email 2531,0
Email 2532,2
Email 2533,2
Email 2534,6
Email 2535,3
Email 2536,44
Email 2537,33
Email 2538,4
Email 2539,1
Email 2540,14
Email 2541,5
Email 2542,29
Email 2543,29
Email 2544,0
Email 2545,0
Email 2546,29
Email 2547,29
Email 2548,37
Email 2549,3
Email 2550,7
Email 2551,9
Email 2552,1
Email 2553,4
Email 2554,1
Email 2555,0
Email 2556,15
Email 2557,2
Email 2558,5
Email 2559,5
Email 2560,0
Email 2561,15
Email 2562,3
Email 2563,5
Email 2564,5
Email 2565,9
Email 2566,53
Email 2567,12
Email 2568,2
Email 2569,6
Email 2570,3
Email 2571,1
Email 2572,4
Email 2573,5
Email 2574,8
Email 2575,5
Email 2576,0
Email 2577,14
Email 2578,4
Email 2579,10
Email 2580,0
Email 2581,5
Email 2582,5
Email 2583,0
Email 2584,5
Email 2585,9
Email 2586,5
Email 2587,5
Email 2588,7
Email 2589,0
Email 2590,0
Email 2591,9
Email 2592,13
Email 2593,6
Email 2594,4
Email 2595,36
Email 2596,13
Email 2597,0
Email 2598,0
Email 2599,2
Email 2600,4
Email 2601,3
Email 2602,2
Email 2603,0
Email 2604,0
Email 2605,5
Email 2606,0
Email 2607,0
Email 2608,10
Email 2609,9
Email 2610,4
Email 2611,7
Email 2612,1
Email 2613,6
Email 2614,0
Email 2615,0
Email 2616,0
Email 2617,0
Email 2618,0
Email 2619,9
Email 2620,22
Email 2621,6
Email 2622,0
Email 2623,5
Email 2624,6
Email 2625,2
Email 2626,0
Email 2627,0
Email 2628,2
Email 2629,0
Email 2630,8
Email 2631,0
Email 2632,2
Email 2633,0
Email 2634,0
Email 2635,6
Email 2636,1
Email 2637,4
Email 2638,0
Email 2639,19
Email 2640,5
Email 2641,6
Email 2642,1
Email 2643,32
Email 2644,9
Email 2645,3
Email 2646,8
Email 2647,1
Email 2648,4
Email 2649,8
Email 2650,5
Email 2651,2
Email 2652,2
Email 2653,4
Email 2654,3
Email 2655,4
Email 2656,4
Email 2657,0
Email 2658,0
Email 2659,0
Email 2660,1
Email 2661,12
Email 2662,0
Email 2663,1
Email 2664,4
Email 2665,1
Email 2666,4
Email 2667,1
Email 2668,0
Email 2669,2
Email 2670,2
Email 2671,0
Email 2672,0
Email 2673,3
Email 2674,24
Email 2675,2
Email 2676,1
Email 2677,0
Email 2678,0
Email 2679,0
Email 2680,0
Email 2681,0
Email 2682,1
Email 2683,0
Email 2684,1
Email 2685,19
Email 2686,0
Email 2687,27
Email 2688,16
Email 2689,3
Email 2690,10
Email 2691,1
Email 2692,1
Email 2693,2
Email 2694,2
Email 2695,5
Email 2696,6
Email 2697,8
Email 2698,2
Email 2699,3
Email 2700,4
Email 2701,0
Email 2702,1
Email 2703,0
Email 2704,2
Email 2705,8
Email 2706,3
Email 2707,1
Email 2708,2
Email 2709,2
Email 2710,3
Email 2711,6
Email 2712,8
Email 2713,0
Email 2714,6
Email 2715,2
Email 2716,2
Email 2717,9
Email 2718,5
Email 2719,6
Email 2720,0
Email 2721,1
Email 2722,0
Email 2723,0
Email 2724,1
Email 2725,0
Email 2726,1
Email 2727,4
Email 2728,1
Email 2729,2
Email 2730,6
Email 2731,3
Email 2732,5
Email 2733,1
Email 2734,3
Email 2735,1
Email 2736,5
Email 2737,5
Email 2738,14
Email 2739,1
Email 2740,13
Email 2741,0
Email 2742,0
Email 2743,5
Email 2744,14
Email 2745,0
Email 2746,0
Email 2747,10
Email 2748,2
Email 2749,7
Email 2750,13
Email 2751,1
Email 2752,1
Email 2753,15
Email 2754,9
Email 2755,3
Email 2756,0
Email 2757,28
Email 2758,0
Email 2759,0
Email 2760,0
Email 2761,1
Email 2762,24
Email 2763,0
Email 2764,0
Email 2765,0
Email 2766,0
Email 2767,11
Email 2768,5
Email 2769,4
Email 2770,0
Email 2771,0
Email 2772,0
Email 2773,0
Email 2774,4
Email 2775,0
Email 2776,11
Email 2777,3
Email 2778,12
Email 2779,7
Email 2780,10
Email 2781,1
Email 2782,11
Email 2783,60
Email 2784,0
Email 2785,2
Email 2786,0
Email 2787,30
Email 2788,0
Email 2789,1
Email 2790,4
Email 2791,0
Email 2792,7
Email 2793,4
Email 2794,0
Email 2795,6
Email 2796,20
Email 2797,0
Email 2798,4
Email 2799,0
Email 2800,80
Email 2801,5
Email 2802,4
Email 2803,1
Email 2804,24
Email 2805,0
Email 2806,0
Email 2807,0
Email 2808,0
Email 2809,8
Email 2810,5
Email 2811,6
Email 2812,61
Email 2813,0
Email 2814,0
Email 2815,0
Email 2816,0
Email 2817,3
Email 2818,0
Email 2819,2
Email 2820,12
Email 2821,2
Email 2822,1
Email 2823,3
Email 2824,6
Email 2825,3
Email 2826,3
Email 2827,0
Email 2828,0
Email 2829,2
Email 2830,0
Email 2831,2
Email 2832,0
Email 2833,1
Email 2834,0
Email 2835,0
Email 2836,1
Email 2837,1
Email 2838,5
Email 2839,2
Email 2840,13
Email 2841,3
Email 2842,8
Email 2843,4
Email 2844,1
Email 2845,0
Email 2846,0
Email 2847,8
Email 2848,13
Email 2849,9
Email 2850,5
Email 2851,29
Email 2852,1
Email 2853,6
Email 2854,7
Email 2855,35
Email 2856,11
Email 2857,0
Email 2858,0
Email 2859,4
Email 2860,0
Email 2861,9
Email 2862,5
Email 2863,8
Email 2864,9
Email 2865,2
Email 2866,71
Email 2867,2
Email 2868,0
Email 2869,1
Email 2870,40
Email 2871,10
Email 2872,1
Email 2873,7
Email 2874,31
Email 2875,3
Email 2876,7
Email 2877,10
Email 2878,2
Email 2879,0
Email 2880,2
Email 2881,0
Email 2882,0
Email 2883,3
Email 2884,8
Email 2885,4
Email 2886,9
Email 2887,3
Email 2888,0
Email 2889,5
Email 2890,0
Email 2891,5
Email 2892,0
Email 2893,0
Email 2894,5
Email 2895,1
Email 2896,12
Email 2897,12
Email 2898,11
Email 2899,4
Email 2900,2
Email 2901,2
Email 2902,1
Email 2903,0
Email 2904,4
Email 2905,4
Email 2906,4
Email 2907,19
Email 2908,3
Email 2909,0
Email 2910,0
Email 2911,4
Email 2912,0
Email 2913,4
Email 2914,19
Email 2915,3
Email 2916,3
Email 2917,26
Email 2918,15
Email 2919,11
Email 2920,3
Email 2921,4
Email 2922,0
Email 2923,4
Email 2924,0
Email 2925,26
Email 2926,10
Email 2927,15
Email 2928,2
Email 2929,0
Email 2930,7
Email 2931,0
Email 2932,11
Email 2933,2
Email 2934,0
Email 2935,6
Email 2936,2
Email 2937,2
Email 2938,5
Email 2939,4
Email 2940,0
Email 2941,2
Email 2942,2
Email 2943,0
Email 2944,1
Email 2945,0
Email 2946,0
Email 2947,2
Email 2948,4
Email 2949,5
Email 2950,0
Email 2951,43
Email 2952,1
Email 2953,0
Email 2954,14
Email 2955,30
Email 2956,2
Email 2957,1
Email 2958,8
Email 2959,0
Email 2960,0
Email 2961,0
Email 2962,0
Email 2963,4
Email 2964,1
Email 2965,0
Email 2966,6
Email 2967,8
Email 2968,4
Email 2969,1
Email 2970,0
Email 2971,0
Email 2972,0
Email 2973,1
Email 2974,12
Email 2975,17
Email 2976,6
Email 2977,5
Email 2978,0
Email 2979,0
Email 2980,0
Email 2981,1
Email 2982,0
Email 2983,4
Email 2984,2
Email 2985,6
Email 2986,3
Email 2987,0
Email 2988,15
Email 2989,2
Email 2990,0
Email 2991,0
Email 2992,7
Email 2993,1
Email 2994,3
Email 2995,0
Email 2996,0
Email 2997,5
Email 2998,5
Email 2999,9
Email 3000,0
Email 3001,0
Email 3002,3
Email 3003,0
Email 3004,9
Email 3005,4
Email 3006,2
Email 3007,0
Email 3008,12
Email 3009,17
Email 3010,0
Email 3011,6
Email 3012,2
Email 3013,0
Email 3014,4
Email 3015,2
Email 3016,4
Email 3017,0
Email 3018,1
Email 3019,0
Email 3020,2
Email 3021,1
Email 3022,1
Email 3023,7
Email 3024,4
Email 3025,2
Email 3026,2
Email 3027,1
Email 3028,4
Email 3029,0
Email 3030,3
Email 3031,41
Email 3032,9
Email 3033,4
Email 3034,11
Email 3035,0
Email 3036,0
Email 3037,0
Email 3038,11
Email 3039,6
Email 3040,1
Email 3041,5
Email 3042,0
Email 3043,12
Email 3044,0
Email 3045,0
Email 3046,4
Email 3047,14
Email 3048,12
Email 3049,3
Email 3050,1
Email 3051,0
Email 3052,0
Email 3053,1
Email 3054,5
Email 3055,3
Email 3056,2
Email 3057,3
Email 3058,2
Email 3059,8
Email 3060,0
Email 3061,6
Email 3062,33
Email 3063,0
Email 3064,0
Email 3065,2
Email 3066,0
Email 3067,1
Email 3068,1
Email 3069,1
Email 3070,0
Email 3071,10
Email 3072,3
Email 3073,13
Email 3074,2
Email 3075,40
Email 3076,0
Email 3077,0
Email 3078,0
Email 3079,1
Email 3080,0
Email 3081,13
Email 3082,13
Email 3083,0
Email 3084,6
Email 3085,11
Email 3086,1
Email 3087,1
Email 3088,22
Email 3089,8
Email 3090,20
Email 3091,4
Email 3092,0
Email 3093,0
Email 3094,8
Email 3095,4
Email 3096,20
Email 3097,47
Email 3098,13
Email 3099,4
Email 3100,4
Email 3101,29
Email 3102,42
Email 3103,0
Email 3104,0
Email 3105,0
Email 3106,0
Email 3107,15
Email 3108,13
Email 3109,37
Email 3110,0
Email 3111,1
Email 3112,1
Email 3113,2
Email 3114,3
Email 3115,0
Email 3116,3
Email 3117,0
Email 3118,2
Email 3119,7
Email 3120,7
Email 3121,0
Email 3122,0
Email 3123,23
Email 3124,0
Email 3125,2
Email 3126,38
Email 3127,0
Email 3128,0
Email 3129,12
Email 3130,3
Email 3131,0
Email 3132,8
Email 3133,3
Email 3134,10
Email 3135,15
Email 3136,38
Email 3137,2
Email 3138,0
Email 3139,0
Email 3140,2
Email 3141,1
Email 3142,19
Email 3143,9
Email 3144,0
Email 3145,0
Email 3146,1
Email 3147,9
Email 3148,9
Email 3149,9
Email 3150,9
Email 3151,3
Email 3152,3
Email 3153,10
Email 3154,0
Email 3155,0
Email 3156,2
Email 3157,4
Email 3158,1
Email 3159,3
Email 3160,7
Email 3161,2
Email 3162,8
Email 3163,43
Email 3164,2
Email 3165,6
Email 3166,1
Email 3167,1
Email 3168,3
Email 3169,0
Email 3170,3
Email 3171,0
Email 3172,17
Email 3173,5
Email 3174,1
Email 3175,0
Email 3176,0
Email 3177,2
Email 3178,0
Email 3179,3
Email 3180,22
Email 3181,0
Email 3182,7
Email 3183,7
Email 3184,3
Email 3185,5
Email 3186,52
Email 3187,1
Email 3188,2
Email 3189,2
Email 3190,1
Email 3191,0
Email 3192,0
Email 3193,2
Email 3194,19
Email 3195,3
Email 3196,9
Email 3197,9
Email 3198,4
Email 3199,0
Email 3200,0
Email 3201,2
Email 3202,0
Email 3203,0
Email 3204,7
Email 3205,14
Email 3206,8
Email 3207,0
Email 3208,8
Email 3209,4
Email 3210,14
Email 3211,10
Email 3212,0
Email 3213,0
Email 3214,11
Email 3215,4
Email 3216,10
Email 3217,1
Email 3218,1
Email 3219,0
Email 3220,0
Email 3221,3
Email 3222,6
Email 3223,40
Email 3224,0
Email 3225,0
Email 3226,1
Email 3227,0
Email 3228,9
Email 3229,4
Email 3230,0
Email 3231,1
Email 3232,5
Email 3233,6
Email 3234,4
Email 3235,1
Email 3236,0
Email 3237,0
Email 3238,15
Email 3239,1
Email 3240,0
Email 3241,2
Email 3242,8
Email 3243,5
Email 3244,0
Email 3245,0
Email 3246,6
Email 3247,2
Email 3248,3
Email 3249,8
Email 3250,3
Email 3251,4
Email 3252,0
Email 3253,4
Email 3254,9
Email 3255,2
Email 3256,0
Email 3257,0
Email 3258,0
Email 3259,2
Email 3260,5
Email 3261,4
Email 3262,0
Email 3263,17
Email 3264,9
Email 3265,0
Email 3266,0
Email 3267,0
Email 3268,62
Email 3269,4
Email 3270,2
Email 3271,0
Email 3272,7
Email 3273,3
Email 3274,10
Email 3275,3
Email 3276,3
Email 3277,0
Email 3278,1
Email 3279,0
Email 3280,0
Email 3281,5
Email 3282,0
Email 3283,10
Email 3284,4
Email 3285,2
Email 3286,2
Email 3287,11
Email 3288,0
Email 3289,12
Email 3290,0
Email 3291,3
Email 3292,0
Email 3293,4
Email 3294,0
Email 3295,23
Email 3296,23
Email 3297,15
Email 3298,8
Email 3299,3
Email 3300,13
Email 3301,0
Email 3302,3
Email 3303,0
Email 3304,0
Email 3305,11
Email 3306,9
Email 3307,8
Email 3308,7
Email 3309,16
Email 3310,8
Email 3311,6
Email 3312,2
Email 3313,12
Email 3314,4
Email 3315,0
Email 3316,4
Email 3317,1
Email 3318,4
Email 3319,0
Email 3320,0
Email 3321,0
Email 3322,0
Email 3323,0
Email 3324,4
Email 3325,14
Email 3326,2
Email 3327,21
Email 3328,8
Email 3329,15
Email 3330,2
Email 3331,2
Email 3332,2
Email 3333,13
Email 3334,10
Email 3335,1
Email 3336,7
Email 3337,0
Email 3338,3
Email 3339,0
Email 3340,0
Email 3341,8
Email 3342,16
Email 3343,5
Email 3344,10
Email 3345,1
Email 3346,0
Email 3347,4
Email 3348,0
Email 3349,0
Email 3350,3
Email 3351,2
Email 3352,12
Email 3353,41
Email 3354,0
Email 3355,0
Email 3356,6
Email 3357,0
Email 3358,0
Email 3359,4
Email 3360,4
Email 3361,1
Email 3362,12
Email 3363,12
Email 3364,0
Email 3365,0
Email 3366,0
Email 3367,2
Email 3368,1
Email 3369,0
Email 3370,0
Email 3371,11
Email 3372,2
Email 3373,16
Email 3374,17
Email 3375,1
Email 3376,0
Email 3377,9
Email 3378,0
Email 3379,2
Email 3380,2
Email 3381,18
Email 3382,9
Email 3383,0
Email 3384,2
Email 3385,4
Email 3386,4
Email 3387,1
Email 3388,0
Email 3389,19
Email 3390,4
Email 3391,17
Email 3392,0
Email 3393,0
Email 3394,8
Email 3395,0
Email 3396,1
Email 3397,6
Email 3398,5
Email 3399,14
Email 3400,0
Email 3401,0
Email 3402,0
Email 3403,5
Email 3404,9
Email 3405,0
Email 3406,10
Email 3407,11
Email 3408,0
Email 3409,3
Email 3410,3
Email 3411,4
Email 3412,2
Email 3413,2
Email 3414,0
Email 3415,2
Email 3416,1
Email 3417,5
Email 3418,1
Email 3419,10
Email 3420,5
Email 3421,1
Email 3422,1
Email 3423,4
Email 3424,7
Email 3425,19
Email 3426,0
Email 3427,0
Email 3428,1
Email 3429,0
Email 3430,3
Email 3431,24
Email 3432,8
Email 3433,0
Email 3434,18
Email 3435,0
Email 3436,8
Email 3437,0
Email 3438,4
Email 3439,11
Email 3440,0
Email 3441,3
Email 3442,4
Email 3443,17
Email 3444,2
Email 3445,1
Email 3446,32
Email 3447,0
Email 3448,55
Email 3449,1
Email 3450,24
Email 3451,5
Email 3452,1
Email 3453,4
Email 3454,4
Email 3455,5
Email 3456,2
Email 3457,45
Email 3458,4
Email 3459,4
Email 3460,5
Email 3461,0
Email 3462,0
Email 3463,7
Email 3464,26
Email 3465,3
Email 3466,26
Email 3467,5
Email 3468,10
Email 3469,5
Email 3470,3
Email 3471,42
Email 3472,0
Email 3473,2
Email 3474,10
Email 3475,1
Email 3476,13
Email 3477,0
Email 3478,3
Email 3479,0
Email 3480,0
Email 3481,16
Email 3482,32
Email 3483,3
Email 3484,8
Email 3485,5
Email 3486,1
Email 3487,3
Email 3488,2
Email 3489,0
Email 3490,0
Email 3491,1
Email 3492,4
Email 3493,29
Email 3494,4
Email 3495,4
Email 3496,12
Email 3497,0
Email 3498,5
Email 3499,62
Email 3500,2
Email 3501,3
Email 3502,1
Email 3503,3
Email 3504,0
Email 3505,0
Email 3506,1
Email 3507,1
Email 3508,0
Email 3509,0
Email 3510,11
Email 3511,9
Email 3512,8
Email 3513,1
Email 3514,1
Email 3515,5
Email 3516,1
Email 3517,58
Email 3518,0
Email 3519,0
Email 3520,0
Email 3521,5
Email 3522,3
Email 3523,11
Email 3524,1
Email 3525,5
Email 3526,3
Email 3527,0
Email 3528,0
Email 3529,2
Email 3530,1
Email 3531,6
Email 3532,4
Email 3533,2
Email 3534,7
Email 3535,7
Email 3536,0
Email 3537,9
Email 3538,0
Email 3539,14
Email 3540,0
Email 3541,1
Email 3542,4
Email 3543,5
Email 3544,23
Email 3545,1
Email 3546,2
Email 3547,11
Email 3548,0
Email 3549,1
Email 3550,25
Email 3551,3
Email 3552,0
Email 3553,2
Email 3554,0
Email 3555,2
Email 3556,3
Email 3557,2
Email 3558,0
Email 3559,31
Email 3560,9
Email 3561,8
Email 3562,75
Email 3563,2
Email 3564,7
Email 3565,0
Email 3566,0
Email 3567,0
Email 3568,42
Email 3569,0
Email 3570,2
Email 3571,0
Email 3572,0
Email 3573,2
Email 3574,0
Email 3575,0
Email 3576,0
Email 3577,4
Email 3578,1
Email 3579,0
Email 3580,0
Email 3581,0
Email 3582,0
Email 3583,5
Email 3584,1
Email 3585,2
Email 3586,2
Email 3587,0
Email 3588,5
Email 3589,0
Email 3590,0
Email 3591,8
Email 3592,3
Email 3593,9
Email 3594,31
Email 3595,9
Email 3596,6
Email 3597,0
Email 3598,43
Email 3599,15
Email 3600,1
Email 3601,2
Email 3602,0
Email 3603,8
Email 3604,0
Email 3605,2
Email 3606,11
Email 3607,1
Email 3608,0
Email 3609,0
Email 3610,2
Email 3611,9
Email 3612,22
Email 3613,5
Email 3614,0
Email 3615,70
Email 3616,2
Email 3617,5
Email 3618,42
Email 3619,0
Email 3620,1
Email 3621,2
Email 3622,3
Email 3623,5
Email 3624,70
Email 3625,3
Email 3626,8
Email 3627,5
Email 3628,3
Email 3629,4
Email 3630,0
Email 3631,2
Email 3632,1
Email 3633,22
Email 3634,0
Email 3635,3
Email 3636,0
Email 3637,5
Email 3638,0
Email 3639,0
Email 3640,1
Email 3641,0
Email 3642,4
Email 3643,4
Email 3644,10
Email 3645,3
Email 3646,2
Email 3647,5
Email 3648,5
Email 3649,2
Email 3650,3
Email 3651,6
Email 3652,5
Email 3653,5
Email 3654,13
Email 3655,4
Email 3656,13
Email 3657,14
Email 3658,0
Email 3659,0
Email 3660,2
Email 3661,0
Email 3662,7
Email 3663,1
Email 3664,4
Email 3665,42
Email 3666,0
Email 3667,1
Email 3668,0
Email 3669,3
Email 3670,2
Email 3671,8
Email 3672,0
Email 3673,0
Email 3674,0
Email 3675,12
Email 3676,0
Email 3677,52
Email 3678,0
Email 3679,47
Email 3680,7
Email 3681,15
Email 3682,0
Email 3683,0
Email 3684,11
Email 3685,9
Email 3686,1
Email 3687,53
Email 3688,5
Email 3689,3
Email 3690,0
Email 3691,0
Email 3692,17
Email 3693,1
Email 3694,0
Email 3695,1
Email 3696,0
Email 3697,4
Email 3698,0
Email 3699,0
Email 3700,7
Email 3701,2
Email 3702,1
Email 3703,7
Email 3704,13
Email 3705,5
Email 3706,0
Email 3707,0
Email 3708,0
Email 3709,7
Email 3710,0
Email 3711,11
Email 3712,5
Email 3713,2
Email 3714,5
Email 3715,22
Email 3716,3
Email 3717,3
Email 3718,0
Email 3719,0
Email 3720,7
Email 3721,5
Email 3722,2
Email 3723,0
Email 3724,0
Email 3725,7
Email 3726,38
Email 3727,0
Email 3728,3
Email 3729,0
Email 3730,1
Email 3731,1
Email 3732,1
Email 3733,5
Email 3734,2
Email 3735,0
Email 3736,1
Email 3737,1
Email 3738,0
Email 3739,2
Email 3740,2
Email 3741,1
Email 3742,0
Email 3743,0
Email 3744,4
Email 3745,4
Email 3746,5
Email 3747,0
Email 3748,0
Email 3749,0
Email 3750,7
Email 3751,2
Email 3752,14
Email 3753,14
Email 3754,2
Email 3755,4
Email 3756,1
Email 3757,4
Email 3758,8
Email 3759,8
Email 3760,0
Email 3761,1
Email 3762,0
Email 3763,1
Email 3764,0
Email 3765,4
Email 3766,3
Email 3767,14
Email 3768,1
Email 3769,0
Email 3770,0
Email 3771,14
Email 3772,0
Email 3773,2
Email 3774,4
Email 3775,104
Email 3776,113
Email 3777,0
Email 3778,4
Email 3779,0
Email 3780,2
Email 3781,1
Email 3782,2
Email 3783,2
Email 3784,27
Email 3785,0
Email 3786,0
Email 3787,0
Email 3788,27
Email 3789,3
Email 3790,0
Email 3791,0
Email 3792,10
Email 3793,2
Email 3794,2
Email 3795,11
Email 3796,11
Email 3797,0
Email 3798,0
Email 3799,4
Email 3800,5
Email 3801,5
Email 3802,1
Email 3803,1
Email 3804,17
Email 3805,1
Email 3806,17
Email 3807,1
Email 3808,0
Email 3809,0
Email 3810,0
Email 3811,7
Email 3812,7
Email 3813,1
Email 3814,0
Email 3815,0
Email 3816,2
Email 3817,19
Email 3818,5
Email 3819,2
Email 3820,19
Email 3821,1
Email 3822,1
Email 3823,24
Email 3824,28
Email 3825,28
Email 3826,24
Email 3827,3
Email 3828,4
Email 3829,12
Email 3830,0
Email 3831,12
Email 3832,0
Email 3833,0
Email 3834,0
Email 3835,0
Email 3836,3
Email 3837,3
Email 3838,2
Email 3839,2
Email 3840,2
Email 3841,2
Email 3842,0
Email 3843,0
Email 3844,1
Email 3845,11
Email 3846,15
Email 3847,15
Email 3848,5
Email 3849,42
Email 3850,6
Email 3851,6
Email 3852,10
Email 3853,10
Email 3854,1
Email 3855,6
Email 3856,0
Email 3857,6
Email 3858,3
Email 3859,5
Email 3860,4
Email 3861,12
Email 3862,3
Email 3863,4
Email 3864,1
Email 3865,0
Email 3866,0
Email 3867,14
Email 3868,0
Email 3869,1
Email 3870,6
Email 3871,0
Email 3872,0
Email 3873,0
Email 3874,1
Email 3875,1
Email 3876,0
Email 3877,3
Email 3878,3
Email 3879,2
Email 3880,2
Email 3881,1
Email 3882,2
Email 3883,3
Email 3884,4
Email 3885,2
Email 3886,2
Email 3887,1
Email 3888,1
Email 3889,1
Email 3890,1
Email 3891,14
Email 3892,2
Email 3893,2
Email 3894,1
Email 3895,4
Email 3896,2
Email 3897,19
Email 3898,2
Email 3899,12
Email 3900,14
Email 3901,2
Email 3902,1
Email 3903,0
Email 3904,1
Email 3905,0
Email 3906,4
Email 3907,21
Email 3908,5
Email 3909,12
Email 3910,0
Email 3911,4
Email 3912,0
Email 3913,2
Email 3914,21
Email 3915,3
Email 3916,5
Email 3917,12
Email 3918,3
Email 3919,5
Email 3920,4
Email 3921,4
Email 3922,3
Email 3923,15
Email 3924,5
Email 3925,4
Email 3926,2
Email 3927,4
Email 3928,12
Email 3929,2
Email 3930,1
Email 3931,5
Email 3932,0
Email 3933,1
Email 3934,4
Email 3935,0
Email 3936,1
Email 3937,1
Email 3938,10
Email 3939,0
Email 3940,1
Email 3941,1
Email 3942,0
Email 3943,3
Email 3944,28
Email 3945,3
Email 3946,4
Email 3947,5
Email 3948,3
Email 3949,103
Email 3950,7
Email 3951,3
Email 3952,3
Email 3953,1
Email 3954,16
Email 3955,7
Email 3956,0
Email 3957,13
Email 3958,0
Email 3959,37
Email 3960,0
Email 3961,13
Email 3962,2
Email 3963,0
Email 3964,3
Email 3965,42
Email 3966,60
Email 3967,0
Email 3968,1
Email 3969,1
Email 3970,2
Email 3971,3
Email 3972,0
Email 3973,37
Email 3974,1
Email 3975,1
Email 3976,1
Email 3977,1
Email 3978,9
Email 3979,1
Email 3980,1
Email 3981,1
Email 3982,1
Email 3983,0
Email 3984,1
Email 3985,2
Email 3986,9
Email 3987,7
Email 3988,0
Email 3989,3
Email 3990,30
Email 3991,4
Email 3992,6
Email 3993,18
Email 3994,0
Email 3995,18
Email 3996,6
Email 3997,4
Email 3998,2
Email 3999,11
Email 4000,2
Email 4001,0
Email 4002,11
Email 4003,0
Email 4004,0
Email 4005,0
Email 4006,0
Email 4007,0
Email 4008,1
Email 4009,2
Email 4010,1
Email 4011,4
Email 4012,6
Email 4013,0
Email 4014,2
Email 4015,4
Email 4016,0
Email 4017,6
Email 4018,10
Email 4019,7
Email 4020,7
Email 4021,2
Email 4022,0
Email 4023,0
Email 4024,0
Email 4025,3
Email 4026,1
Email 4027,0
Email 4028,3
Email 4029,2
Email 4030,7
Email 4031,1
Email 4032,2
Email 4033,4
Email 4034,3
Email 4035,0
Email 4036,11
Email 4037,11
Email 4038,1
Email 4039,2
Email 4040,0
Email 4041,2
Email 4042,0
Email 4043,1
Email 4044,1
Email 4045,13
Email 4046,0
Email 4047,0
Email 4048,4
Email 4049,0
Email 4050,13
Email 4051,85
Email 4052,5
Email 4053,6
Email 4054,6
Email 4055,1
Email 4056,4
Email 4057,0
Email 4058,9
Email 4059,9
Email 4060,1
Email 4061,0
Email 4062,1
Email 4063,0
Email 4064,0
Email 4065,0
Email 4066,1
Email 4067,5
Email 4068,9
Email 4069,2
Email 4070,16
Email 4071,2
Email 4072,1
Email 4073,9
Email 4074,2
Email 4075,16
Email 4076,2
Email 4077,0
Email 4078,93
Email 4079,3
Email 4080,0
Email 4081,0
Email 4082,10
Email 4083,0
Email 4084,10
Email 4085,0
Email 4086,5
Email 4087,17
Email 4088,5
Email 4089,0
Email 4090,2
Email 4091,13
Email 4092,0
Email 4093,1
Email 4094,0
Email 4095,2
Email 4096,5
Email 4097,98
Email 4098,0
Email 4099,0
Email 4100,5
Email 4101,65
Email 4102,1
Email 4103,5
Email 4104,0
Email 4105,3
Email 4106,3
Email 4107,1
Email 4108,3
Email 4109,0
Email 4110,5
Email 4111,4
Email 4112,0
Email 4113,0
Email 4114,1
Email 4115,3
Email 4116,1
Email 4117,8
Email 4118,8
Email 4119,11
Email 4120,13
Email 4121,3
Email 4122,0
Email 4123,0
Email 4124,3
Email 4125,1
Email 4126,0
Email 4127,15
Email 4128,73
Email 4129,1
Email 4130,1
Email 4131,1
Email 4132,3
Email 4133,8
Email 4134,8
Email 4135,39
Email 4136,0
Email 4137,37
Email 4138,1
Email 4139,1
Email 4140,0
Email 4141,1
Email 4142,0
Email 4143,3
Email 4144,6
Email 4145,1
Email 4146,1
Email 4147,2
Email 4148,0
Email 4149,2
Email 4150,0
Email 4151,9
Email 4152,1
Email 4153,9
Email 4154,0
Email 4155,0
Email 4156,1
Email 4157,1
Email 4158,5
Email 4159,5
Email 4160,5
Email 4161,1
Email 4162,5
Email 4163,8
Email 4164,8
Email 4165,0
Email 4166,1
Email 4167,0
Email 4168,11
Email 4169,1
Email 4170,11
Email 4171,1
Email 4172,0
Email 4173,5
Email 4174,3
Email 4175,1
Email 4176,3
Email 4177,5
Email 4178,0
Email 4179,0
Email 4180,1
Email 4181,1
Email 4182,3
Email 4183,0
Email 4184,3
Email 4185,0
Email 4186,1
Email 4187,19
Email 4188,1
Email 4189,0
Email 4190,2
Email 4191,0
Email 4192,0
Email 4193,0
Email 4194,0
Email 4195,19
Email 4196,1
Email 4197,0
Email 4198,7
Email 4199,0
Email 4200,0
Email 4201,105
Email 4202,0
Email 4203,0
Email 4204,1
Email 4205,29
Email 4206,29
Email 4207,0
Email 4208,1
Email 4209,3
Email 4210,3
Email 4211,0
Email 4212,23
Email 4213,23
Email 4214,4
Email 4215,4
Email 4216,1
Email 4217,0
Email 4218,0
Email 4219,1
Email 4220,0
Email 4221,62
Email 4222,4
Email 4223,0
Email 4224,3
Email 4225,105
Email 4226,1
Email 4227,23
Email 4228,0
Email 4229,28
Email 4230,0
Email 4231,4
Email 4232,7
Email 4233,5
Email 4234,3
Email 4235,7
Email 4236,0
Email 4237,0
Email 4238,0
Email 4239,0
Email 4240,6
Email 4241,1
Email 4242,0
Email 4243,48
Email 4244,6
Email 4245,1
Email 4246,2
Email 4247,2
Email 4248,8
Email 4249,0
Email 4250,6
Email 4251,8
Email 4252,13
Email 4253,0
Email 4254,0
Email 4255,3
Email 4256,2
Email 4257,7
Email 4258,2
Email 4259,0
Email 4260,1
Email 4261,0
Email 4262,0
Email 4263,0
Email 4264,9
Email 4265,0
Email 4266,15
Email 4267,7
Email 4268,18
Email 4269,0
Email 4270,0
Email 4271,0
Email 4272,5
Email 4273,1
Email 4274,4
Email 4275,0
Email 4276,1
Email 4277,31
Email 4278,0
Email 4279,2
Email 4280,0
Email 4281,0
Email 4282,19
Email 4283,1
Email 4284,10
Email 4285,12
Email 4286,2
Email 4287,5
Email 4288,3
Email 4289,0
Email 4290,0
Email 4291,10
Email 4292,1
Email 4293,0
Email 4294,2
Email 4295,57
Email 4296,21
Email 4297,8
Email 4298,1
Email 4299,3
Email 4300,1
Email 4301,0
Email 4302,0
Email 4303,7
Email 4304,3
Email 4305,1
Email 4306,31
Email 4307,1
Email 4308,1
Email 4309,0
Email 4310,0
Email 4311,2
Email 4312,1
Email 4313,19
Email 4314,16
Email 4315,1
Email 4316,2
Email 4317,1
Email 4318,13
Email 4319,13
Email 4320,2
Email 4321,13
Email 4322,0
Email 4323,1
Email 4324,28
Email 4325,0
Email 4326,1
Email 4327,0
Email 4328,1
Email 4329,11
Email 4330,10
Email 4331,0
Email 4332,4
Email 4333,2
Email 4334,0
Email 4335,1
Email 4336,0
Email 4337,40
Email 4338,0
Email 4339,2
Email 4340,47
Email 4341,3
Email 4342,0
Email 4343,0
Email 4344,31
Email 4345,7
Email 4346,0
Email 4347,0
Email 4348,0
Email 4349,0
Email 4350,0
Email 4351,4
Email 4352,21
Email 4353,0
Email 4354,5
Email 4355,4
Email 4356,26
Email 4357,3
Email 4358,0
Email 4359,4
Email 4360,25
Email 4361,0
Email 4362,3
Email 4363,3
Email 4364,0
Email 4365,9
Email 4366,31
Email 4367,17
Email 4368,18
Email 4369,11
Email 4370,1
Email 4371,0
Email 4372,7
Email 4373,1
Email 4374,10
Email 4375,9
Email 4376,2
Email 4377,80
Email 4378,0
Email 4379,1
Email 4380,49
Email 4381,6
Email 4382,1
Email 4383,4
Email 4384,6
Email 4385,4
Email 4386,5
Email 4387,5
Email 4388,0
Email 4389,10
Email 4390,2
Email 4391,27
Email 4392,14
Email 4393,27
Email 4394,1
Email 4395,27
Email 4396,5
Email 4397,32
Email 4398,3
Email 4399,0
Email 4400,20
Email 4401,0
Email 4402,24
Email 4403,32
Email 4404,22
Email 4405,5
Email 4406,6
Email 4407,9
Email 4408,2
Email 4409,7
Email 4410,4
Email 4411,0
Email 4412,87
Email 4413,1
Email 4414,1
Email 4415,15
Email 4416,9
Email 4417,6
Email 4418,3
Email 4419,39
Email 4420,0
Email 4421,1
Email 4422,3
Email 4423,1
Email 4424,2
Email 4425,33
Email 4426,0
Email 4427,0
Email 4428,3
Email 4429,36
Email 4430,41
Email 4431,0
Email 4432,0
Email 4433,0
Email 4434,3
Email 4435,8
Email 4436,3
Email 4437,2
Email 4438,0
Email 4439,1
Email 4440,6
Email 4441,8
Email 4442,4
Email 4443,6
Email 4444,16
Email 4445,0
Email 4446,33
Email 4447,0
Email 4448,0
Email 4449,25
Email 4450,0
Email 4451,8
Email 4452,2
Email 4453,3
Email 4454,2
Email 4455,2
Email 4456,20
Email 4457,0
Email 4458,0
Email 4459,0
Email 4460,18
Email 4461,13
Email 4462,9
Email 4463,37
Email 4464,0
Email 4465,5
Email 4466,2
Email 4467,5
Email 4468,2
Email 4469,0
Email 4470,2
Email 4471,2
Email 4472,37
Email 4473,5
Email 4474,0
Email 4475,4
Email 4476,0
Email 4477,0
Email 4478,5
Email 4479,0
Email 4480,10
Email 4481,0
Email 4482,11
Email 4483,0
Email 4484,3
Email 4485,1
Email 4486,0
Email 4487,1
Email 4488,3
Email 4489,15
Email 4490,0
Email 4491,11
Email 4492,7
Email 4493,3
Email 4494,2
Email 4495,0
Email 4496,3
Email 4497,12
Email 4498,0
Email 4499,0
Email 4500,8
Email 4501,4
Email 4502,4
Email 4503,9
Email 4504,3
Email 4505,21
Email 4506,7
Email 4507,8
Email 4508,3
Email 4509,0
Email 4510,3
Email 4511,0
Email 4512,3
Email 4513,0
Email 4514,3
Email 4515,2
Email 4516,2
Email 4517,2
Email 4518,1
Email 4519,3
Email 4520,6
Email 4521,0
Email 4522,7
Email 4523,5
Email 4524,3
Email 4525,7
Email 4526,5
Email 4527,5
Email 4528,1
Email 4529,7
Email 4530,0
Email 4531,3
Email 4532,6
Email 4533,2
Email 4534,0
Email 4535,6
Email 4536,26
Email 4537,40
Email 4538,20
Email 4539,30
Email 4540,0
Email 4541,1
Email 4542,11
Email 4543,13
Email 4544,0
Email 4545,15
Email 4546,3
Email 4547,11
Email 4548,18
Email 4549,3
Email 4550,0
Email 4551,1
Email 4552,0
Email 4553,0
Email 4554,9
Email 4555,13
Email 4556,3
Email 4557,10
Email 4558,15
Email 4559,18
Email 4560,0
Email 4561,7
Email 4562,9
Email 4563,2
Email 4564,12
Email 4565,0
Email 4566,0
Email 4567,0
Email 4568,4
Email 4569,0
Email 4570,11
Email 4571,0
Email 4572,5
Email 4573,2
Email 4574,1
Email 4575,0
Email 4576,1
Email 4577,3
Email 4578,3
Email 4579,8
Email 4580,2
Email 4581,1
Email 4582,4
Email 4583,17
Email 4584,3
Email 4585,11
Email 4586,9
Email 4587,0
Email 4588,0
Email 4589,1
Email 4590,2
Email 4591,0
Email 4592,5
Email 4593,6
Email 4594,4
Email 4595,6
Email 4596,4
Email 4597,0
Email 4598,8
Email 4599,2
Email 4600,10
Email 4601,3
Email 4602,78
Email 4603,0
Email 4604,0
Email 4605,3
Email 4606,1
Email 4607,2
Email 4608,1
Email 4609,3
Email 4610,7
Email 4611,0
Email 4612,17
Email 4613,5
Email 4614,3
Email 4615,7
Email 4616,0
Email 4617,3
Email 4618,7
Email 4619,1
Email 4620,3
Email 4621,0
Email 4622,3
Email 4623,0
Email 4624,0
Email 4625,9
Email 4626,5
Email 4627,3
Email 4628,3
Email 4629,2
Email 4630,0
Email 4631,9
Email 4632,3
Email 4633,4
Email 4634,2
Email 4635,3
Email 4636,0
Email 4637,0
Email 4638,1
Email 4639,0
Email 4640,1
Email 4641,14
Email 4642,14
Email 4643,11
Email 4644,3
Email 4645,2
Email 4646,7
Email 4647,12
Email 4648,22
Email 4649,0
Email 4650,31
Email 4651,13
Email 4652,62
Email 4653,1
Email 4654,7
Email 4655,1
Email 4656,0
Email 4657,0
Email 4658,5
Email 4659,0
Email 4660,5
Email 4661,1
Email 4662,3
Email 4663,2
Email 4664,3
Email 4665,5
Email 4666,18
Email 4667,5
Email 4668,0
Email 4669,4
Email 4670,13
Email 4671,9
Email 4672,41
Email 4673,8
Email 4674,12
Email 4675,2
Email 4676,9
Email 4677,0
Email 4678,2
Email 4679,5
Email 4680,3
Email 4681,4
Email 4682,6
Email 4683,6
Email 4684,7
Email 4685,3
Email 4686,0
Email 4687,3
Email 4688,13
Email 4689,0
Email 4690,10
Email 4691,18
Email 4692,2
Email 4693,2
Email 4694,0
Email 4695,2
Email 4696,2
Email 4697,5
Email 4698,10
Email 4699,14
Email 4700,9
Email 4701,4
Email 4702,5
Email 4703,2
Email 4704,2
Email 4705,6
Email 4706,58
Email 4707,5
Email 4708,4
Email 4709,25
Email 4710,1
Email 4711,4
Email 4712,1
Email 4713,4
Email 4714,11
Email 4715,2
Email 4716,11
Email 4717,12
Email 4718,40
Email 4719,7
Email 4720,8
Email 4721,0
Email 4722,2
Email 4723,6
Email 4724,31
Email 4725,1
Email 4726,10
Email 4727,2
Email 4728,3
Email 4729,4
Email 4730,2
Email 4731,9
Email 4732,10
Email 4733,16
Email 4734,0
Email 4735,2
Email 4736,4
Email 4737,11
Email 4738,3
Email 4739,0
Email 4740,12
Email 4741,11
Email 4742,4
Email 4743,7
Email 4744,13
Email 4745,0
Email 4746,0
Email 4747,0
Email 4748,1
Email 4749,2
Email 4750,15
Email 4751,7
Email 4752,0
Email 4753,0
Email 4754,2
Email 4755,3
Email 4756,5
Email 4757,12
Email 4758,13
Email 4759,0
Email 4760,11
Email 4761,0
Email 4762,0
Email 4763,18
Email 4764,1
Email 4765,2
Email 4766,1
Email 4767,2
Email 4768,0
Email 4769,5
Email 4770,34
Email 4771,0
Email 4772,3
Email 4773,1
Email 4774,1
Email 4775,1
Email 4776,19
Email 4777,2
Email 4778,11
Email 4779,6
Email 4780,13
Email 4781,2
Email 4782,11
Email 4783,1
Email 4784,0
Email 4785,0
Email 4786,9
Email 4787,0
Email 4788,27
Email 4789,0
Email 4790,12
Email 4791,2
Email 4792,5
Email 4793,35
Email 4794,7
Email 4795,8
Email 4796,6
Email 4797,0
Email 4798,4
Email 4799,2
Email 4800,9
Email 4801,1
Email 4802,27
Email 4803,13
Email 4804,7
Email 4805,30
Email 4806,3
Email 4807,18
Email 4808,8
Email 4809,3
Email 4810,1
Email 4811,3
Email 4812,19
Email 4813,7
Email 4814,2
Email 4815,0
Email 4816,2
Email 4817,17
Email 4818,11
Email 4819,5
Email 4820,2
Email 4821,37
Email 4822,0
Email 4823,6
Email 4824,0
Email 4825,20
Email 4826,7
Email 4827,2
Email 4828,21
Email 4829,12
Email 4830,106
Email 4831,2
Email 4832,1
Email 4833,2
Email 4834,8
Email 4835,2
Email 4836,10
Email 4837,11
Email 4838,90
Email 4839,0
Email 4840,4
Email 4841,11
Email 4842,5
Email 4843,3
Email 4844,38
Email 4845,12
Email 4846,29
Email 4847,6
Email 4848,28
Email 4849,11
Email 4850,0
Email 4851,3
Email 4852,1
Email 4853,1
Email 4854,7
Email 4855,32
Email 4856,0
Email 4857,4
Email 4858,3
Email 4859,1
Email 4860,0
Email 4861,9
Email 4862,7
Email 4863,3
Email 4864,2
Email 4865,5
Email 4866,3
Email 4867,2
Email 4868,4
Email 4869,3
Email 4870,2
Email 4871,3
Email 4872,5
Email 4873,56
Email 4874,3
Email 4875,2
Email 4876,3
Email 4877,2
Email 4878,0
Email 4879,1
Email 4880,18
Email 4881,34
Email 4882,11
Email 4883,9
Email 4884,9
Email 4885,0
Email 4886,3
Email 4887,4
Email 4888,0
Email 4889,12
Email 4890,0
Email 4891,5
Email 4892,6
Email 4893,19
Email 4894,50
Email 4895,10
Email 4896,0
Email 4897,10
Email 4898,1
Email 4899,72
Email 4900,14
Email 4901,48
Email 4902,3
Email 4903,2
Email 4904,2
Email 4905,27
Email 4906,2
Email 4907,6
Email 4908,0
Email 4909,0
Email 4910,0
Email 4911,2
Email 4912,14
Email 4913,4
Email 4914,2
Email 4915,36
Email 4916,2
Email 4917,48
Email 4918,14
Email 4919,2
Email 4920,12
Email 4921,16
Email 4922,12
Email 4923,4
Email 4924,6
Email 4925,52
Email 4926,1
Email 4927,0
Email 4928,0
Email 4929,23
Email 4930,2
Email 4931,4
Email 4932,17
Email 4933,32
Email 4934,5
Email 4935,18
Email 4936,1
Email 4937,0
Email 4938,1
Email 4939,0
Email 4940,3
Email 4941,4
Email 4942,4
Email 4943,0
Email 4944,7
Email 4945,2
Email 4946,63
Email 4947,13
Email 4948,4
Email 4949,6
Email 4950,31
Email 4951,40
Email 4952,8
Email 4953,0
Email 4954,5
Email 4955,19
Email 4956,2
Email 4957,5
Email 4958,13
Email 4959,6
Email 4960,2
Email 4961,18
Email 4962,1
Email 4963,67
Email 4964,13
Email 4965,7
Email 4966,4
Email 4967,8
Email 4968,10
Email 4969,0
Email 4970,82
Email 4971,1
Email 4972,2
Email 4973,3
Email 4974,34
Email 4975,8
Email 4976,3
Email 4977,2
Email 4978,1
Email 4979,36
Email 4980,2
Email 4981,4
Email 4982,2
Email 4983,11
Email 4984,10
Email 4985,1
Email 4986,37
Email 4987,5
Email 4988,17
Email 4989,5
Email 4990,28
Email 4991,3
Email 4992,23
Email 4993,3
Email 4994,1
Email 4995,3
Email 4996,20
Email 4997,0
Email 4998,6
Email 4999,8
Email 5000,13
Email 5001,8
Email 5002,0
Email 5003,1
Email 5004,38
Email 5005,5
Email 5006,4
Email 5007,5
Email 5008,0
Email 5009,0
Email 5010,14
Email 5011,0
Email 5012,13
Email 5013,8
Email 5014,50
Email 5015,2
Email 5016,4
Email 5017,3
Email 5018,0
Email 5019,25
Email 5020,0
Email 5021,1
Email 5022,10
Email 5023,5
Email 5024,18
Email 5025,28
Email 5026,8
Email 5027,11
Email 5028,6
Email 5029,6
Email 5030,19
Email 5031,7
Email 5032,1
Email 5033,9
Email 5034,8
Email 5035,17
Email 5036,29
Email 5037,17
Email 5038,3
Email 5039,2
Email 5040,5
Email 5041,5
Email 5042,0
Email 5043,19
Email 5044,0
Email 5045,11
Email 5046,4
Email 5047,0
Email 5048,5
Email 5049,11
Email 5050,9
Email 5051,0
Email 5052,24
Email 5053,25
Email 5054,3
Email 5055,2
Email 5056,5
Email 5057,5
Email 5058,10
Email 5059,29
Email 5060,11
Email 5061,57
Email 5062,2
Email 5063,6
Email 5064,8
Email 5065,3
Email 5066,0
Email 5067,17
Email 5068,3
Email 5069,53
Email 5070,1
Email 5071,0
Email 5072,0
Email 5073,6
Email 5074,11
Email 5075,11
Email 5076,2
Email 5077,5
Email 5078,15
Email 5079,5
Email 5080,7
Email 5081,3
Email 5082,12
Email 5083,0
Email 5084,6
Email 5085,0
Email 5086,10
Email 5087,1
Email 5088,9
Email 5089,1
Email 5090,0
Email 5091,16
Email 5092,24
Email 5093,25
Email 5094,4
Email 5095,34
Email 5096,16
Email 5097,53
Email 5098,2
Email 5099,8
Email 5100,1
Email 5101,5
Email 5102,34
Email 5103,0
Email 5104,4
Email 5105,0
Email 5106,10
Email 5107,33
Email 5108,4
Email 5109,3
Email 5110,6
Email 5111,1
Email 5112,3
Email 5113,7
Email 5114,8
Email 5115,23
Email 5116,7
Email 5117,2
Email 5118,7
Email 5119,17
Email 5120,15
Email 5121,10
Email 5122,5
Email 5123,0
Email 5124,3
Email 5125,4
Email 5126,5
Email 5127,17
Email 5128,11
Email 5129,5
Email 5130,16
Email 5131,2
Email 5132,3
Email 5133,13
Email 5134,7
Email 5135,34
Email 5136,0
Email 5137,1
Email 5138,5
Email 5139,49
Email 5140,33
Email 5141,46
Email 5142,32
Email 5143,2
Email 5144,37
Email 5145,1
Email 5146,2
Email 5147,0
Email 5148,21
Email 5149,12
Email 5150,10
Email 5151,16
Email 5152,4
Email 5153,2
Email 5154,1
Email 5155,3
Email 5156,7
Email 5157,4
Email 5158,14
Email 5159,2
Email 5160,2
Email 5161,10
Email 5162,59
Email 5163,2
Email 5164,0
Email 5165,21
Email 5166,1
Email 5167,1
Email 5168,2
Email 5169,35
Email 5170,0
Email 5171,2
Email 5172,22
